"pathway","gene_symbol"
"HALLMARK_E2F_TARGETS","CTPS1"
"HALLMARK_E2F_TARGETS","DIAPH3"
"HALLMARK_E2F_TARGETS","NUP205"
"HALLMARK_E2F_TARGETS","MCM4"
"HALLMARK_E2F_TARGETS","RAD21"
"HALLMARK_E2F_TARGETS","DSCC1"
"HALLMARK_E2F_TARGETS","ANP32E"
"HALLMARK_E2F_TARGETS","BUB1B"
"HALLMARK_E2F_TARGETS","SPAG5"
"HALLMARK_E2F_TARGETS","DEPDC1"
"HALLMARK_E2F_TARGETS","RFC3"
"HALLMARK_E2F_TARGETS","PRKDC"
"HALLMARK_E2F_TARGETS","NBN"
"HALLMARK_E2F_TARGETS","MMS22L"
"HALLMARK_E2F_TARGETS","HMMR"
"HALLMARK_E2F_TARGETS","UBE2S"
"HALLMARK_E2F_TARGETS","PSMC3IP"
"HALLMARK_E2F_TARGETS","BRCA2"
"HALLMARK_E2F_TARGETS","TACC3"
"HALLMARK_E2F_TARGETS","TOP2A"
"HALLMARK_E2F_TARGETS","LYAR"
"HALLMARK_E2F_TARGETS","MKI67"
"HALLMARK_E2F_TARGETS","ATAD2"
"HALLMARK_E2F_TARGETS","BRCA1"
"HALLMARK_E2F_TARGETS","CIT"
"HALLMARK_E2F_TARGETS","DCK"
"HALLMARK_E2F_TARGETS","HMGA1"
"HALLMARK_E2F_TARGETS","CDCA8"
"HALLMARK_E2F_TARGETS","NUP107"
"HALLMARK_E2F_TARGETS","CDK1"
"HALLMARK_E2F_TARGETS","PRIM2"
"HALLMARK_E2F_TARGETS","DLGAP5"
"HALLMARK_E2F_TARGETS","XPO1"
"HALLMARK_E2F_TARGETS","RAD50"
"HALLMARK_E2F_TARGETS","TMPO"
"HALLMARK_E2F_TARGETS","EXOSC8"
"HALLMARK_E2F_TARGETS","UBR7"
"HALLMARK_E2F_TARGETS","EIF2S1"
"HALLMARK_E2F_TARGETS","USP1"
"HALLMARK_E2F_TARGETS","DNMT1"
"HALLMARK_E2F_TARGETS","PAICS"
"HALLMARK_E2F_TARGETS","KIF4A"
"HALLMARK_E2F_TARGETS","RAD51AP1"
"HALLMARK_E2F_TARGETS","TIPIN"
"HALLMARK_E2F_TARGETS","CDKN2C"
"HALLMARK_E2F_TARGETS","RACGAP1"
"HALLMARK_E2F_TARGETS","SMC4"
"HALLMARK_E2F_TARGETS","EZH2"
"HALLMARK_E2F_TARGETS","TCF19"
"HALLMARK_E2F_TARGETS","MTHFD2"
"HALLMARK_E2F_TARGETS","LMNB1"
"HALLMARK_E2F_TARGETS","SMC3"
"HALLMARK_E2F_TARGETS","TRIP13"
"HALLMARK_E2F_TARGETS","CENPE"
"HALLMARK_E2F_TARGETS","RAD51C"
"HALLMARK_E2F_TARGETS","SMC6"
"HALLMARK_E2F_TARGETS","NOLC1"
"HALLMARK_E2F_TARGETS","KIF2C"
"HALLMARK_E2F_TARGETS","TIMELESS"
"HALLMARK_E2F_TARGETS","SHMT1"
"HALLMARK_E2F_TARGETS","ORC6"
"HALLMARK_E2F_TARGETS","UBE2T"
"HALLMARK_E2F_TARGETS","KPNA2"
"HALLMARK_E2F_TARGETS","DEK"
"HALLMARK_E2F_TARGETS","RFC2"
"HALLMARK_E2F_TARGETS","MELK"
"HALLMARK_E2F_TARGETS","SYNCRIP"
"HALLMARK_E2F_TARGETS","MCM3"
"HALLMARK_E2F_TARGETS","PTTG1"
"HALLMARK_E2F_TARGETS","SRSF2"
"HALLMARK_E2F_TARGETS","SPC25"
"HALLMARK_E2F_TARGETS","BIRC5"
"HALLMARK_E2F_TARGETS","DONSON"
"HALLMARK_E2F_TARGETS","CKS1B"
"HALLMARK_E2F_TARGETS","NUP153"
"HALLMARK_E2F_TARGETS","DCLRE1B"
"HALLMARK_E2F_TARGETS","PA2G4"
"HALLMARK_E2F_TARGETS","IPO7"
"HALLMARK_E2F_TARGETS","RANBP1"
"HALLMARK_E2F_TARGETS","SLBP"
"HALLMARK_E2F_TARGETS","CHEK2"
"HALLMARK_E2F_TARGETS","RPA1"
"HALLMARK_E2F_TARGETS","CCNB2"
"HALLMARK_E2F_TARGETS","HMGB3"
"HALLMARK_E2F_TARGETS","NCAPD2"
"HALLMARK_E2F_TARGETS","CDC20"
"HALLMARK_E2F_TARGETS","HELLS"
"HALLMARK_E2F_TARGETS","LUC7L3"
"HALLMARK_E2F_TARGETS","LBR"
"HALLMARK_E2F_TARGETS","ESPL1"
"HALLMARK_E2F_TARGETS","AK2"
"HALLMARK_E2F_TARGETS","KIF18B"
"HALLMARK_E2F_TARGETS","PDS5B"
"HALLMARK_E2F_TARGETS","AURKA"
"HALLMARK_E2F_TARGETS","MAD2L1"
"HALLMARK_E2F_TARGETS","STAG1"
"HALLMARK_E2F_TARGETS","CCP110"
"HALLMARK_E2F_TARGETS","ING3"
"HALLMARK_E2F_TARGETS","NASP"
"HALLMARK_E2F_TARGETS","SSRP1"
"HALLMARK_E2F_TARGETS","PMS2"
"HALLMARK_E2F_TARGETS","NUDT21"
"HALLMARK_E2F_TARGETS","CDKN3"
"HALLMARK_E2F_TARGETS","MSH2"
"HALLMARK_E2F_TARGETS","PNN"
"HALLMARK_E2F_TARGETS","ILF3"
"HALLMARK_CHOLESTEROL_HOMEOSTASIS","CTNNB1"
"HALLMARK_CHOLESTEROL_HOMEOSTASIS","FDFT1"
"HALLMARK_CHOLESTEROL_HOMEOSTASIS","SCD"
"HALLMARK_CHOLESTEROL_HOMEOSTASIS","PPARG"
"HALLMARK_CHOLESTEROL_HOMEOSTASIS","GLDC"
"HALLMARK_CHOLESTEROL_HOMEOSTASIS","MVK"
"HALLMARK_CHOLESTEROL_HOMEOSTASIS","ALDOC"
"HALLMARK_CHOLESTEROL_HOMEOSTASIS","HMGCS1"
"HALLMARK_CHOLESTEROL_HOMEOSTASIS","ETHE1"
"HALLMARK_CHOLESTEROL_HOMEOSTASIS","NSDHL"
"HALLMARK_CHOLESTEROL_HOMEOSTASIS","EBP"
"HALLMARK_CHOLESTEROL_HOMEOSTASIS","MVD"
"HALLMARK_CHOLESTEROL_HOMEOSTASIS","DHCR7"
"HALLMARK_CHOLESTEROL_HOMEOSTASIS","HSD17B7"
"HALLMARK_CHOLESTEROL_HOMEOSTASIS","TM7SF2"
"HALLMARK_CHOLESTEROL_HOMEOSTASIS","STX5"
"HALLMARK_CHOLESTEROL_HOMEOSTASIS","ACSS2"
"HALLMARK_CHOLESTEROL_HOMEOSTASIS","ATF5"
"HALLMARK_CHOLESTEROL_HOMEOSTASIS","ACAT2"
"HALLMARK_CHOLESTEROL_HOMEOSTASIS","CD9"
"HALLMARK_CHOLESTEROL_HOMEOSTASIS","SREBF2"
"HALLMARK_CHOLESTEROL_HOMEOSTASIS","SC5D"
"HALLMARK_CHOLESTEROL_HOMEOSTASIS","CYP51A1"
"HALLMARK_CHOLESTEROL_HOMEOSTASIS","HMGCR"
"HALLMARK_CHOLESTEROL_HOMEOSTASIS","JAG1"
"HALLMARK_CHOLESTEROL_HOMEOSTASIS","CHKA"
"HALLMARK_CHOLESTEROL_HOMEOSTASIS","PDK3"
"HALLMARK_CHOLESTEROL_HOMEOSTASIS","SEMA3B"
"HALLMARK_CHOLESTEROL_HOMEOSTASIS","FADS2"
"HALLMARK_CHOLESTEROL_HOMEOSTASIS","IDI1"
"HALLMARK_CHOLESTEROL_HOMEOSTASIS","ATXN2"
