"pathway","NES","padj","permutation","n_overlap_with_biologic","dropped_ids"
"HALLMARK_G2M_CHECKPOINT",-2.33769962270319,6.92093336524758e-11,1,5,"TCGA-5M-AAT6/TCGA-AA-3930/TCGA-AA-3972/TCGA-AA-A02K/TCGA-AG-A016/TCGA-AZ-4682/TCGA-F5-6702/TCGA-RU-A8FL"
"HALLMARK_INTERFERON_GAMMA_RESPONSE",-2.13797250423754,1.12222301720967e-08,1,5,"TCGA-5M-AAT6/TCGA-AA-3930/TCGA-AA-3972/TCGA-AA-A02K/TCGA-AG-A016/TCGA-AZ-4682/TCGA-F5-6702/TCGA-RU-A8FL"
"HALLMARK_ALLOGRAFT_REJECTION",-2.13480562552917,3.55576169700469e-08,1,5,"TCGA-5M-AAT6/TCGA-AA-3930/TCGA-AA-3972/TCGA-AA-A02K/TCGA-AG-A016/TCGA-AZ-4682/TCGA-F5-6702/TCGA-RU-A8FL"
"HALLMARK_E2F_TARGETS",-2.03703757596755,3.82766905910119e-08,1,5,"TCGA-5M-AAT6/TCGA-AA-3930/TCGA-AA-3972/TCGA-AA-A02K/TCGA-AG-A016/TCGA-AZ-4682/TCGA-F5-6702/TCGA-RU-A8FL"
"HALLMARK_COMPLEMENT",-1.65135257509773,0.000999309222963276,1,5,"TCGA-5M-AAT6/TCGA-AA-3930/TCGA-AA-3972/TCGA-AA-A02K/TCGA-AG-A016/TCGA-AZ-4682/TCGA-F5-6702/TCGA-RU-A8FL"
"HALLMARK_CHOLESTEROL_HOMEOSTASIS",1.75141220749711,0.00328325952811813,1,5,"TCGA-5M-AAT6/TCGA-AA-3930/TCGA-AA-3972/TCGA-AA-A02K/TCGA-AG-A016/TCGA-AZ-4682/TCGA-F5-6702/TCGA-RU-A8FL"
"HALLMARK_INFLAMMATORY_RESPONSE",-1.32448090969523,0.0245917647350042,1,5,"TCGA-5M-AAT6/TCGA-AA-3930/TCGA-AA-3972/TCGA-AA-A02K/TCGA-AG-A016/TCGA-AZ-4682/TCGA-F5-6702/TCGA-RU-A8FL"
"HALLMARK_INTERFERON_ALPHA_RESPONSE",-1.35330602116262,0.102435440630545,1,5,"TCGA-5M-AAT6/TCGA-AA-3930/TCGA-AA-3972/TCGA-AA-A02K/TCGA-AG-A016/TCGA-AZ-4682/TCGA-F5-6702/TCGA-RU-A8FL"
"HALLMARK_MYC_TARGETS_V1",-0.830541896844502,0.952380952380952,1,5,"TCGA-5M-AAT6/TCGA-AA-3930/TCGA-AA-3972/TCGA-AA-A02K/TCGA-AG-A016/TCGA-AZ-4682/TCGA-F5-6702/TCGA-RU-A8FL"
"HALLMARK_INTERFERON_GAMMA_RESPONSE",-1.9938876437216,1.19887814342845e-06,2,5,"TCGA-AA-3844/TCGA-AA-3930/TCGA-AA-3972/TCGA-AD-6964/TCGA-AZ-4682/TCGA-CI-6620/TCGA-NH-A6GB/TCGA-RU-A8FL"
"HALLMARK_INTERFERON_ALPHA_RESPONSE",-2.02928167456901,4.28699251492865e-05,2,5,"TCGA-AA-3844/TCGA-AA-3930/TCGA-AA-3972/TCGA-AD-6964/TCGA-AZ-4682/TCGA-CI-6620/TCGA-NH-A6GB/TCGA-RU-A8FL"
"HALLMARK_MYC_TARGETS_V1",1.58141732715532,0.00476391684107883,2,5,"TCGA-AA-3844/TCGA-AA-3930/TCGA-AA-3972/TCGA-AD-6964/TCGA-AZ-4682/TCGA-CI-6620/TCGA-NH-A6GB/TCGA-RU-A8FL"
"HALLMARK_INFLAMMATORY_RESPONSE",-1.44824578410284,0.00965266991415629,2,5,"TCGA-AA-3844/TCGA-AA-3930/TCGA-AA-3972/TCGA-AD-6964/TCGA-AZ-4682/TCGA-CI-6620/TCGA-NH-A6GB/TCGA-RU-A8FL"
"HALLMARK_COMPLEMENT",-1.40947458780433,0.0336076754875547,2,5,"TCGA-AA-3844/TCGA-AA-3930/TCGA-AA-3972/TCGA-AD-6964/TCGA-AZ-4682/TCGA-CI-6620/TCGA-NH-A6GB/TCGA-RU-A8FL"
"HALLMARK_CHOLESTEROL_HOMEOSTASIS",1.29914555187334,0.224358974358974,2,5,"TCGA-AA-3844/TCGA-AA-3930/TCGA-AA-3972/TCGA-AD-6964/TCGA-AZ-4682/TCGA-CI-6620/TCGA-NH-A6GB/TCGA-RU-A8FL"
"HALLMARK_G2M_CHECKPOINT",-1.17195564089382,0.267754685707,2,5,"TCGA-AA-3844/TCGA-AA-3930/TCGA-AA-3972/TCGA-AD-6964/TCGA-AZ-4682/TCGA-CI-6620/TCGA-NH-A6GB/TCGA-RU-A8FL"
"HALLMARK_ALLOGRAFT_REJECTION",-0.977527001295674,0.707384403036577,2,5,"TCGA-AA-3844/TCGA-AA-3930/TCGA-AA-3972/TCGA-AD-6964/TCGA-AZ-4682/TCGA-CI-6620/TCGA-NH-A6GB/TCGA-RU-A8FL"
"HALLMARK_E2F_TARGETS",-0.557836441352129,1,2,5,"TCGA-AA-3844/TCGA-AA-3930/TCGA-AA-3972/TCGA-AD-6964/TCGA-AZ-4682/TCGA-CI-6620/TCGA-NH-A6GB/TCGA-RU-A8FL"
"HALLMARK_INTERFERON_GAMMA_RESPONSE",-2.83079334322121,4.51033750346335e-21,3,3,"TCGA-AA-3680/TCGA-AA-3844/TCGA-AA-3930/TCGA-AG-3999/TCGA-AZ-4682/TCGA-CI-6620/TCGA-F5-6702/TCGA-NH-A6GA"
"HALLMARK_E2F_TARGETS",-2.59151983470735,5.00230596948633e-16,3,3,"TCGA-AA-3680/TCGA-AA-3844/TCGA-AA-3930/TCGA-AG-3999/TCGA-AZ-4682/TCGA-CI-6620/TCGA-F5-6702/TCGA-NH-A6GA"
"HALLMARK_INTERFERON_ALPHA_RESPONSE",-2.81252485457292,2.8529398904988e-14,3,3,"TCGA-AA-3680/TCGA-AA-3844/TCGA-AA-3930/TCGA-AG-3999/TCGA-AZ-4682/TCGA-CI-6620/TCGA-F5-6702/TCGA-NH-A6GA"
"HALLMARK_G2M_CHECKPOINT",-2.46502940827261,1.27889252363278e-13,3,3,"TCGA-AA-3680/TCGA-AA-3844/TCGA-AA-3930/TCGA-AG-3999/TCGA-AZ-4682/TCGA-CI-6620/TCGA-F5-6702/TCGA-NH-A6GA"
"HALLMARK_ALLOGRAFT_REJECTION",-1.87685070365663,1.04397275723997e-05,3,3,"TCGA-AA-3680/TCGA-AA-3844/TCGA-AA-3930/TCGA-AG-3999/TCGA-AZ-4682/TCGA-CI-6620/TCGA-F5-6702/TCGA-NH-A6GA"
"HALLMARK_COMPLEMENT",-1.67377628921014,0.000437640636170321,3,3,"TCGA-AA-3680/TCGA-AA-3844/TCGA-AA-3930/TCGA-AG-3999/TCGA-AZ-4682/TCGA-CI-6620/TCGA-F5-6702/TCGA-NH-A6GA"
"HALLMARK_INFLAMMATORY_RESPONSE",-1.37700055508577,0.0180676001515212,3,3,"TCGA-AA-3680/TCGA-AA-3844/TCGA-AA-3930/TCGA-AG-3999/TCGA-AZ-4682/TCGA-CI-6620/TCGA-F5-6702/TCGA-NH-A6GA"
"HALLMARK_MYC_TARGETS_V1",-1.1553672336104,0.331294597349643,3,3,"TCGA-AA-3680/TCGA-AA-3844/TCGA-AA-3930/TCGA-AG-3999/TCGA-AZ-4682/TCGA-CI-6620/TCGA-F5-6702/TCGA-NH-A6GA"
"HALLMARK_CHOLESTEROL_HOMEOSTASIS",1.08194372537834,0.545628972298837,3,3,"TCGA-AA-3680/TCGA-AA-3844/TCGA-AA-3930/TCGA-AG-3999/TCGA-AZ-4682/TCGA-CI-6620/TCGA-F5-6702/TCGA-NH-A6GA"
"HALLMARK_E2F_TARGETS",-2.23885318541628,9.2690654423888e-10,4,2,"TCGA-AA-3930/TCGA-AA-A02K/TCGA-AD-6964/TCGA-AG-3999/TCGA-AZ-4684/TCGA-AZ-6600/TCGA-CI-6620/TCGA-NH-A6GB"
"HALLMARK_G2M_CHECKPOINT",-2.12913956758195,3.53106593080774e-08,4,2,"TCGA-AA-3930/TCGA-AA-A02K/TCGA-AD-6964/TCGA-AG-3999/TCGA-AZ-4684/TCGA-AZ-6600/TCGA-CI-6620/TCGA-NH-A6GB"
"HALLMARK_CHOLESTEROL_HOMEOSTASIS",1.92660964423555,0.000369715088297652,4,2,"TCGA-AA-3930/TCGA-AA-A02K/TCGA-AD-6964/TCGA-AG-3999/TCGA-AZ-4684/TCGA-AZ-6600/TCGA-CI-6620/TCGA-NH-A6GB"
"HALLMARK_INTERFERON_GAMMA_RESPONSE",-1.60356630952791,0.00294643064170535,4,2,"TCGA-AA-3930/TCGA-AA-A02K/TCGA-AD-6964/TCGA-AG-3999/TCGA-AZ-4684/TCGA-AZ-6600/TCGA-CI-6620/TCGA-NH-A6GB"
"HALLMARK_INTERFERON_ALPHA_RESPONSE",-1.65335966971503,0.0107023055789106,4,2,"TCGA-AA-3930/TCGA-AA-A02K/TCGA-AD-6964/TCGA-AG-3999/TCGA-AZ-4684/TCGA-AZ-6600/TCGA-CI-6620/TCGA-NH-A6GB"
"HALLMARK_INFLAMMATORY_RESPONSE",0.91732162356046,0.882941298199628,4,2,"TCGA-AA-3930/TCGA-AA-A02K/TCGA-AD-6964/TCGA-AG-3999/TCGA-AZ-4684/TCGA-AZ-6600/TCGA-CI-6620/TCGA-NH-A6GB"
"HALLMARK_COMPLEMENT",0.818172456931073,0.958702064896755,4,2,"TCGA-AA-3930/TCGA-AA-A02K/TCGA-AD-6964/TCGA-AG-3999/TCGA-AZ-4684/TCGA-AZ-6600/TCGA-CI-6620/TCGA-NH-A6GB"
"HALLMARK_ALLOGRAFT_REJECTION",-0.746216770258107,1,4,2,"TCGA-AA-3930/TCGA-AA-A02K/TCGA-AD-6964/TCGA-AG-3999/TCGA-AZ-4684/TCGA-AZ-6600/TCGA-CI-6620/TCGA-NH-A6GB"
"HALLMARK_MYC_TARGETS_V1",0.750724679813275,1,4,2,"TCGA-AA-3930/TCGA-AA-A02K/TCGA-AD-6964/TCGA-AG-3999/TCGA-AZ-4684/TCGA-AZ-6600/TCGA-CI-6620/TCGA-NH-A6GB"
"HALLMARK_INTERFERON_GAMMA_RESPONSE",-2.85138660090765,6.97031273224971e-22,5,4,"TCGA-AA-3680/TCGA-AA-3930/TCGA-AA-3972/TCGA-AZ-4682/TCGA-AZ-6600/TCGA-CI-6620/TCGA-NH-A6GB/TCGA-RU-A8FL"
"HALLMARK_INTERFERON_ALPHA_RESPONSE",-2.48315416959857,2.32220179495903e-09,5,4,"TCGA-AA-3680/TCGA-AA-3930/TCGA-AA-3972/TCGA-AZ-4682/TCGA-AZ-6600/TCGA-CI-6620/TCGA-NH-A6GB/TCGA-RU-A8FL"
"HALLMARK_ALLOGRAFT_REJECTION",-2.20856523564371,2.98942338316572e-09,5,4,"TCGA-AA-3680/TCGA-AA-3930/TCGA-AA-3972/TCGA-AZ-4682/TCGA-AZ-6600/TCGA-CI-6620/TCGA-NH-A6GB/TCGA-RU-A8FL"
"HALLMARK_COMPLEMENT",-1.93868919532837,2.5585562738007e-06,5,4,"TCGA-AA-3680/TCGA-AA-3930/TCGA-AA-3972/TCGA-AZ-4682/TCGA-AZ-6600/TCGA-CI-6620/TCGA-NH-A6GB/TCGA-RU-A8FL"
"HALLMARK_INFLAMMATORY_RESPONSE",-1.98651078590992,2.5585562738007e-06,5,4,"TCGA-AA-3680/TCGA-AA-3930/TCGA-AA-3972/TCGA-AZ-4682/TCGA-AZ-6600/TCGA-CI-6620/TCGA-NH-A6GB/TCGA-RU-A8FL"
"HALLMARK_G2M_CHECKPOINT",-1.69809931171015,0.000354562760020234,5,4,"TCGA-AA-3680/TCGA-AA-3930/TCGA-AA-3972/TCGA-AZ-4682/TCGA-AZ-6600/TCGA-CI-6620/TCGA-NH-A6GB/TCGA-RU-A8FL"
"HALLMARK_E2F_TARGETS",-1.58688316073779,0.0014244529633828,5,4,"TCGA-AA-3680/TCGA-AA-3930/TCGA-AA-3972/TCGA-AZ-4682/TCGA-AZ-6600/TCGA-CI-6620/TCGA-NH-A6GB/TCGA-RU-A8FL"
"HALLMARK_CHOLESTEROL_HOMEOSTASIS",1.56769707965557,0.0221582469752878,5,4,"TCGA-AA-3680/TCGA-AA-3930/TCGA-AA-3972/TCGA-AZ-4682/TCGA-AZ-6600/TCGA-CI-6620/TCGA-NH-A6GB/TCGA-RU-A8FL"
"HALLMARK_MYC_TARGETS_V1",1.06024608711999,0.556930693069307,5,4,"TCGA-AA-3680/TCGA-AA-3930/TCGA-AA-3972/TCGA-AZ-4682/TCGA-AZ-6600/TCGA-CI-6620/TCGA-NH-A6GB/TCGA-RU-A8FL"
"HALLMARK_E2F_TARGETS",-2.6408288556541,4.08810469865474e-16,6,3,"TCGA-AA-3680/TCGA-AA-3930/TCGA-AA-3972/TCGA-AG-A016/TCGA-AZ-4684/TCGA-AZ-6606/TCGA-F5-6702/TCGA-RU-A8FL"
"HALLMARK_G2M_CHECKPOINT",-2.57843051416846,5.89371672687126e-15,6,3,"TCGA-AA-3680/TCGA-AA-3930/TCGA-AA-3972/TCGA-AG-A016/TCGA-AZ-4684/TCGA-AZ-6606/TCGA-F5-6702/TCGA-RU-A8FL"
"HALLMARK_INTERFERON_GAMMA_RESPONSE",-2.46158976681303,2.60191148327266e-13,6,3,"TCGA-AA-3680/TCGA-AA-3930/TCGA-AA-3972/TCGA-AG-A016/TCGA-AZ-4684/TCGA-AZ-6606/TCGA-F5-6702/TCGA-RU-A8FL"
"HALLMARK_ALLOGRAFT_REJECTION",-2.21623101818723,2.26918566269658e-09,6,3,"TCGA-AA-3680/TCGA-AA-3930/TCGA-AA-3972/TCGA-AG-A016/TCGA-AZ-4684/TCGA-AZ-6606/TCGA-F5-6702/TCGA-RU-A8FL"
"HALLMARK_CHOLESTEROL_HOMEOSTASIS",2.09318569261392,7.65033039955596e-06,6,3,"TCGA-AA-3680/TCGA-AA-3930/TCGA-AA-3972/TCGA-AG-A016/TCGA-AZ-4684/TCGA-AZ-6606/TCGA-F5-6702/TCGA-RU-A8FL"
"HALLMARK_INTERFERON_ALPHA_RESPONSE",-1.9728475205763,7.00585860327502e-05,6,3,"TCGA-AA-3680/TCGA-AA-3930/TCGA-AA-3972/TCGA-AG-A016/TCGA-AZ-4684/TCGA-AZ-6606/TCGA-F5-6702/TCGA-RU-A8FL"
"HALLMARK_COMPLEMENT",-1.63766130346216,0.000428606259657515,6,3,"TCGA-AA-3680/TCGA-AA-3930/TCGA-AA-3972/TCGA-AG-A016/TCGA-AZ-4684/TCGA-AZ-6606/TCGA-F5-6702/TCGA-RU-A8FL"
"HALLMARK_INFLAMMATORY_RESPONSE",-1.58510803257041,0.00196563457430353,6,3,"TCGA-AA-3680/TCGA-AA-3930/TCGA-AA-3972/TCGA-AG-A016/TCGA-AZ-4684/TCGA-AZ-6606/TCGA-F5-6702/TCGA-RU-A8FL"
"HALLMARK_MYC_TARGETS_V1",-1.28920509734832,0.0612140153850298,6,3,"TCGA-AA-3680/TCGA-AA-3930/TCGA-AA-3972/TCGA-AG-A016/TCGA-AZ-4684/TCGA-AZ-6606/TCGA-F5-6702/TCGA-RU-A8FL"
"HALLMARK_G2M_CHECKPOINT",-2.37463819908564,2.31446398071713e-11,7,4,"TCGA-AA-3844/TCGA-AA-A02K/TCGA-AD-6964/TCGA-AG-3584/TCGA-AZ-4682/TCGA-AZ-4684/TCGA-AZ-6600/TCGA-RU-A8FL"
"HALLMARK_E2F_TARGETS",-1.97968309345224,4.53435373206243e-07,7,4,"TCGA-AA-3844/TCGA-AA-A02K/TCGA-AD-6964/TCGA-AG-3584/TCGA-AZ-4682/TCGA-AZ-4684/TCGA-AZ-6600/TCGA-RU-A8FL"
"HALLMARK_CHOLESTEROL_HOMEOSTASIS",1.72000411879739,0.00552596850520121,7,4,"TCGA-AA-3844/TCGA-AA-A02K/TCGA-AD-6964/TCGA-AG-3584/TCGA-AZ-4682/TCGA-AZ-4684/TCGA-AZ-6600/TCGA-RU-A8FL"
"HALLMARK_INTERFERON_ALPHA_RESPONSE",-1.41492155642414,0.0444703706656818,7,4,"TCGA-AA-3844/TCGA-AA-A02K/TCGA-AD-6964/TCGA-AG-3584/TCGA-AZ-4682/TCGA-AZ-4684/TCGA-AZ-6600/TCGA-RU-A8FL"
"HALLMARK_INTERFERON_GAMMA_RESPONSE",-1.23182303978703,0.09145911797505,7,4,"TCGA-AA-3844/TCGA-AA-A02K/TCGA-AD-6964/TCGA-AG-3584/TCGA-AZ-4682/TCGA-AZ-4684/TCGA-AZ-6600/TCGA-RU-A8FL"
"HALLMARK_MYC_TARGETS_V1",-1.2008938350203,0.152809062127957,7,4,"TCGA-AA-3844/TCGA-AA-A02K/TCGA-AD-6964/TCGA-AG-3584/TCGA-AZ-4682/TCGA-AZ-4684/TCGA-AZ-6600/TCGA-RU-A8FL"
"HALLMARK_COMPLEMENT",-1.1349737814183,0.304540420819491,7,4,"TCGA-AA-3844/TCGA-AA-A02K/TCGA-AD-6964/TCGA-AG-3584/TCGA-AZ-4682/TCGA-AZ-4684/TCGA-AZ-6600/TCGA-RU-A8FL"
"HALLMARK_ALLOGRAFT_REJECTION",-1.06432835419568,0.462847654628477,7,4,"TCGA-AA-3844/TCGA-AA-A02K/TCGA-AD-6964/TCGA-AG-3584/TCGA-AZ-4682/TCGA-AZ-4684/TCGA-AZ-6600/TCGA-RU-A8FL"
"HALLMARK_INFLAMMATORY_RESPONSE",-1.0602041936219,0.462847654628477,7,4,"TCGA-AA-3844/TCGA-AA-A02K/TCGA-AD-6964/TCGA-AG-3584/TCGA-AZ-4682/TCGA-AZ-4684/TCGA-AZ-6600/TCGA-RU-A8FL"
"HALLMARK_G2M_CHECKPOINT",-2.25313579577818,3.14787785918418e-09,8,5,"TCGA-5M-AAT6/TCGA-AA-3844/TCGA-AA-3972/TCGA-AA-A02K/TCGA-AD-6964/TCGA-AG-3584/TCGA-AG-A016/TCGA-NH-A6GB"
"HALLMARK_E2F_TARGETS",-1.94628374316598,2.91542812474283e-06,8,5,"TCGA-5M-AAT6/TCGA-AA-3844/TCGA-AA-3972/TCGA-AA-A02K/TCGA-AD-6964/TCGA-AG-3584/TCGA-AG-A016/TCGA-NH-A6GB"
"HALLMARK_MYC_TARGETS_V1",-1.83996450153904,2.03790685137193e-05,8,5,"TCGA-5M-AAT6/TCGA-AA-3844/TCGA-AA-3972/TCGA-AA-A02K/TCGA-AD-6964/TCGA-AG-3584/TCGA-AG-A016/TCGA-NH-A6GB"
"HALLMARK_INTERFERON_ALPHA_RESPONSE",1.44722678538402,0.0858913036071867,8,5,"TCGA-5M-AAT6/TCGA-AA-3844/TCGA-AA-3972/TCGA-AA-A02K/TCGA-AD-6964/TCGA-AG-3584/TCGA-AG-A016/TCGA-NH-A6GB"
"HALLMARK_CHOLESTEROL_HOMEOSTASIS",1.34624703995467,0.152479014139358,8,5,"TCGA-5M-AAT6/TCGA-AA-3844/TCGA-AA-3972/TCGA-AA-A02K/TCGA-AD-6964/TCGA-AG-3584/TCGA-AG-A016/TCGA-NH-A6GB"
"HALLMARK_INTERFERON_GAMMA_RESPONSE",1.2319032743186,0.205496258127837,8,5,"TCGA-5M-AAT6/TCGA-AA-3844/TCGA-AA-3972/TCGA-AA-A02K/TCGA-AD-6964/TCGA-AG-3584/TCGA-AG-A016/TCGA-NH-A6GB"
"HALLMARK_INFLAMMATORY_RESPONSE",0.995367312110448,0.612956571757262,8,5,"TCGA-5M-AAT6/TCGA-AA-3844/TCGA-AA-3972/TCGA-AA-A02K/TCGA-AD-6964/TCGA-AG-3584/TCGA-AG-A016/TCGA-NH-A6GB"
"HALLMARK_COMPLEMENT",-0.957378131433272,0.736692015209126,8,5,"TCGA-5M-AAT6/TCGA-AA-3844/TCGA-AA-3972/TCGA-AA-A02K/TCGA-AD-6964/TCGA-AG-3584/TCGA-AG-A016/TCGA-NH-A6GB"
"HALLMARK_ALLOGRAFT_REJECTION",-0.818158958561764,0.934782608695652,8,5,"TCGA-5M-AAT6/TCGA-AA-3844/TCGA-AA-3972/TCGA-AA-A02K/TCGA-AD-6964/TCGA-AG-3584/TCGA-AG-A016/TCGA-NH-A6GB"
"HALLMARK_E2F_TARGETS",-3.23976977044277,1.21568758507715e-30,9,3,"TCGA-AA-3680/TCGA-AA-3972/TCGA-AD-6964/TCGA-AG-3584/TCGA-AG-A016/TCGA-AZ-4684/TCGA-F5-6702/TCGA-RU-A8FL"
"HALLMARK_G2M_CHECKPOINT",-3.10658026549814,2.66294258520271e-26,9,3,"TCGA-AA-3680/TCGA-AA-3972/TCGA-AD-6964/TCGA-AG-3584/TCGA-AG-A016/TCGA-AZ-4684/TCGA-F5-6702/TCGA-RU-A8FL"
"HALLMARK_MYC_TARGETS_V1",-2.4845137650856,2.07548711788531e-13,9,3,"TCGA-AA-3680/TCGA-AA-3972/TCGA-AD-6964/TCGA-AG-3584/TCGA-AG-A016/TCGA-AZ-4684/TCGA-F5-6702/TCGA-RU-A8FL"
"HALLMARK_INTERFERON_GAMMA_RESPONSE",-1.75661601513182,8.60721752997302e-05,9,3,"TCGA-AA-3680/TCGA-AA-3972/TCGA-AD-6964/TCGA-AG-3584/TCGA-AG-A016/TCGA-AZ-4684/TCGA-F5-6702/TCGA-RU-A8FL"
"HALLMARK_CHOLESTEROL_HOMEOSTASIS",1.94815423584223,0.000137560424278558,9,3,"TCGA-AA-3680/TCGA-AA-3972/TCGA-AD-6964/TCGA-AG-3584/TCGA-AG-A016/TCGA-AZ-4684/TCGA-F5-6702/TCGA-RU-A8FL"
"HALLMARK_INTERFERON_ALPHA_RESPONSE",-1.79735635783507,0.00123862097532787,9,3,"TCGA-AA-3680/TCGA-AA-3972/TCGA-AD-6964/TCGA-AG-3584/TCGA-AG-A016/TCGA-AZ-4684/TCGA-F5-6702/TCGA-RU-A8FL"
"HALLMARK_ALLOGRAFT_REJECTION",-1.15875662431644,0.252293577981651,9,3,"TCGA-AA-3680/TCGA-AA-3972/TCGA-AD-6964/TCGA-AG-3584/TCGA-AG-A016/TCGA-AZ-4684/TCGA-F5-6702/TCGA-RU-A8FL"
"HALLMARK_INFLAMMATORY_RESPONSE",-0.83906469598974,0.977430555555556,9,3,"TCGA-AA-3680/TCGA-AA-3972/TCGA-AD-6964/TCGA-AG-3584/TCGA-AG-A016/TCGA-AZ-4684/TCGA-F5-6702/TCGA-RU-A8FL"
"HALLMARK_COMPLEMENT",0.702008643808619,0.996710526315789,9,3,"TCGA-AA-3680/TCGA-AA-3972/TCGA-AD-6964/TCGA-AG-3584/TCGA-AG-A016/TCGA-AZ-4684/TCGA-F5-6702/TCGA-RU-A8FL"
"HALLMARK_INTERFERON_GAMMA_RESPONSE",-2.53057264261106,3.91764360204435e-14,10,5,"TCGA-AA-A02K/TCGA-AD-6964/TCGA-AG-A016/TCGA-AZ-4682/TCGA-CI-6620/TCGA-F5-6702/TCGA-NH-A6GB/TCGA-RU-A8FL"
"HALLMARK_ALLOGRAFT_REJECTION",-1.91730316110618,4.33835243660655e-06,10,5,"TCGA-AA-A02K/TCGA-AD-6964/TCGA-AG-A016/TCGA-AZ-4682/TCGA-CI-6620/TCGA-F5-6702/TCGA-NH-A6GB/TCGA-RU-A8FL"
"HALLMARK_INTERFERON_ALPHA_RESPONSE",-2.12565656119967,1.2227645472795e-05,10,5,"TCGA-AA-A02K/TCGA-AD-6964/TCGA-AG-A016/TCGA-AZ-4682/TCGA-CI-6620/TCGA-F5-6702/TCGA-NH-A6GB/TCGA-RU-A8FL"
"HALLMARK_INFLAMMATORY_RESPONSE",-1.76883017047206,2.52824012008494e-05,10,5,"TCGA-AA-A02K/TCGA-AD-6964/TCGA-AG-A016/TCGA-AZ-4682/TCGA-CI-6620/TCGA-F5-6702/TCGA-NH-A6GB/TCGA-RU-A8FL"
"HALLMARK_E2F_TARGETS",-1.71369605229716,9.76896217284199e-05,10,5,"TCGA-AA-A02K/TCGA-AD-6964/TCGA-AG-A016/TCGA-AZ-4682/TCGA-CI-6620/TCGA-F5-6702/TCGA-NH-A6GB/TCGA-RU-A8FL"
"HALLMARK_COMPLEMENT",-1.67557089898763,0.00027367180046518,10,5,"TCGA-AA-A02K/TCGA-AD-6964/TCGA-AG-A016/TCGA-AZ-4682/TCGA-CI-6620/TCGA-F5-6702/TCGA-NH-A6GB/TCGA-RU-A8FL"
"HALLMARK_G2M_CHECKPOINT",-1.63028995006517,0.000763656127755909,10,5,"TCGA-AA-A02K/TCGA-AD-6964/TCGA-AG-A016/TCGA-AZ-4682/TCGA-CI-6620/TCGA-F5-6702/TCGA-NH-A6GB/TCGA-RU-A8FL"
"HALLMARK_CHOLESTEROL_HOMEOSTASIS",1.66861835914773,0.0123561867206628,10,5,"TCGA-AA-A02K/TCGA-AD-6964/TCGA-AG-A016/TCGA-AZ-4682/TCGA-CI-6620/TCGA-F5-6702/TCGA-NH-A6GB/TCGA-RU-A8FL"
"HALLMARK_MYC_TARGETS_V1",-1.05291326932832,0.456370938298649,10,5,"TCGA-AA-A02K/TCGA-AD-6964/TCGA-AG-A016/TCGA-AZ-4682/TCGA-CI-6620/TCGA-F5-6702/TCGA-NH-A6GB/TCGA-RU-A8FL"
"HALLMARK_E2F_TARGETS",-2.7148081879116,1.50574701340547e-18,11,4,"TCGA-AA-3930/TCGA-AA-3972/TCGA-AD-6964/TCGA-AG-3999/TCGA-AG-A016/TCGA-AZ-6600/TCGA-NH-A6GA/TCGA-NH-A6GB"
"HALLMARK_G2M_CHECKPOINT",-2.56456953173189,3.04374633375502e-15,11,4,"TCGA-AA-3930/TCGA-AA-3972/TCGA-AD-6964/TCGA-AG-3999/TCGA-AG-A016/TCGA-AZ-6600/TCGA-NH-A6GA/TCGA-NH-A6GB"
"HALLMARK_INTERFERON_GAMMA_RESPONSE",-2.21732259644235,1.44597478020187e-09,11,4,"TCGA-AA-3930/TCGA-AA-3972/TCGA-AD-6964/TCGA-AG-3999/TCGA-AG-A016/TCGA-AZ-6600/TCGA-NH-A6GA/TCGA-NH-A6GB"
"HALLMARK_INTERFERON_ALPHA_RESPONSE",-1.99424846967802,6.89527036289331e-05,11,4,"TCGA-AA-3930/TCGA-AA-3972/TCGA-AD-6964/TCGA-AG-3999/TCGA-AG-A016/TCGA-AZ-6600/TCGA-NH-A6GA/TCGA-NH-A6GB"
"HALLMARK_CHOLESTEROL_HOMEOSTASIS",1.56727026329315,0.0401956200121864,11,4,"TCGA-AA-3930/TCGA-AA-3972/TCGA-AD-6964/TCGA-AG-3999/TCGA-AG-A016/TCGA-AZ-6600/TCGA-NH-A6GA/TCGA-NH-A6GB"
"HALLMARK_MYC_TARGETS_V1",-1.21813128453142,0.173422935183178,11,4,"TCGA-AA-3930/TCGA-AA-3972/TCGA-AD-6964/TCGA-AG-3999/TCGA-AG-A016/TCGA-AZ-6600/TCGA-NH-A6GA/TCGA-NH-A6GB"
"HALLMARK_INFLAMMATORY_RESPONSE",-1.19948265028469,0.281408859840232,11,4,"TCGA-AA-3930/TCGA-AA-3972/TCGA-AD-6964/TCGA-AG-3999/TCGA-AG-A016/TCGA-AZ-6600/TCGA-NH-A6GA/TCGA-NH-A6GB"
"HALLMARK_ALLOGRAFT_REJECTION",-1.0455331069206,0.585764809902741,11,4,"TCGA-AA-3930/TCGA-AA-3972/TCGA-AD-6964/TCGA-AG-3999/TCGA-AG-A016/TCGA-AZ-6600/TCGA-NH-A6GA/TCGA-NH-A6GB"
"HALLMARK_COMPLEMENT",-0.925989440630385,0.847808105872622,11,4,"TCGA-AA-3930/TCGA-AA-3972/TCGA-AD-6964/TCGA-AG-3999/TCGA-AG-A016/TCGA-AZ-6600/TCGA-NH-A6GA/TCGA-NH-A6GB"
"HALLMARK_INTERFERON_GAMMA_RESPONSE",-2.16820954732698,1.02305855092705e-08,12,3,"TCGA-AA-3930/TCGA-AA-3972/TCGA-AD-6964/TCGA-AG-3584/TCGA-AG-A016/TCGA-AZ-6606/TCGA-CI-6620/TCGA-RU-A8FL"
"HALLMARK_INFLAMMATORY_RESPONSE",-1.94261406257681,1.48547716235663e-06,12,3,"TCGA-AA-3930/TCGA-AA-3972/TCGA-AD-6964/TCGA-AG-3584/TCGA-AG-A016/TCGA-AZ-6606/TCGA-CI-6620/TCGA-RU-A8FL"
"HALLMARK_ALLOGRAFT_REJECTION",-1.81900210929479,6.37031160603024e-05,12,3,"TCGA-AA-3930/TCGA-AA-3972/TCGA-AD-6964/TCGA-AG-3584/TCGA-AG-A016/TCGA-AZ-6606/TCGA-CI-6620/TCGA-RU-A8FL"
"HALLMARK_COMPLEMENT",-1.70702506851924,0.000783168115975389,12,3,"TCGA-AA-3930/TCGA-AA-3972/TCGA-AD-6964/TCGA-AG-3584/TCGA-AG-A016/TCGA-AZ-6606/TCGA-CI-6620/TCGA-RU-A8FL"
"HALLMARK_INTERFERON_ALPHA_RESPONSE",-1.57861238280537,0.016855956901964,12,3,"TCGA-AA-3930/TCGA-AA-3972/TCGA-AD-6964/TCGA-AG-3584/TCGA-AG-A016/TCGA-AZ-6606/TCGA-CI-6620/TCGA-RU-A8FL"
"HALLMARK_CHOLESTEROL_HOMEOSTASIS",1.40410781666608,0.0974009200081253,12,3,"TCGA-AA-3930/TCGA-AA-3972/TCGA-AD-6964/TCGA-AG-3584/TCGA-AG-A016/TCGA-AZ-6606/TCGA-CI-6620/TCGA-RU-A8FL"
"HALLMARK_G2M_CHECKPOINT",-1.07569715867997,0.524977895667551,12,3,"TCGA-AA-3930/TCGA-AA-3972/TCGA-AD-6964/TCGA-AG-3584/TCGA-AG-A016/TCGA-AZ-6606/TCGA-CI-6620/TCGA-RU-A8FL"
"HALLMARK_E2F_TARGETS",-1.01830491624332,0.628591954022989,12,3,"TCGA-AA-3930/TCGA-AA-3972/TCGA-AD-6964/TCGA-AG-3584/TCGA-AG-A016/TCGA-AZ-6606/TCGA-CI-6620/TCGA-RU-A8FL"
"HALLMARK_MYC_TARGETS_V1",0.671907171541309,1,12,3,"TCGA-AA-3930/TCGA-AA-3972/TCGA-AD-6964/TCGA-AG-3584/TCGA-AG-A016/TCGA-AZ-6606/TCGA-CI-6620/TCGA-RU-A8FL"
"HALLMARK_E2F_TARGETS",-3.28015671443118,2.25548609172244e-31,13,4,"TCGA-5M-AAT6/TCGA-AA-3972/TCGA-AA-A02K/TCGA-AD-6964/TCGA-AG-A016/TCGA-AZ-6606/TCGA-F5-6702/TCGA-NH-A6GA"
"HALLMARK_MYC_TARGETS_V1",-2.79858853002305,9.02722985908537e-20,13,4,"TCGA-5M-AAT6/TCGA-AA-3972/TCGA-AA-A02K/TCGA-AD-6964/TCGA-AG-A016/TCGA-AZ-6606/TCGA-F5-6702/TCGA-NH-A6GA"
"HALLMARK_G2M_CHECKPOINT",-2.77153588490304,5.45641987306253e-19,13,4,"TCGA-5M-AAT6/TCGA-AA-3972/TCGA-AA-A02K/TCGA-AD-6964/TCGA-AG-A016/TCGA-AZ-6606/TCGA-F5-6702/TCGA-NH-A6GA"
"HALLMARK_INTERFERON_ALPHA_RESPONSE",1.45376193174966,0.0731114137716851,13,4,"TCGA-5M-AAT6/TCGA-AA-3972/TCGA-AA-A02K/TCGA-AD-6964/TCGA-AG-A016/TCGA-AZ-6606/TCGA-F5-6702/TCGA-NH-A6GA"
"HALLMARK_CHOLESTEROL_HOMEOSTASIS",1.30199856548975,0.179770393736244,13,4,"TCGA-5M-AAT6/TCGA-AA-3972/TCGA-AA-A02K/TCGA-AD-6964/TCGA-AG-A016/TCGA-AZ-6606/TCGA-F5-6702/TCGA-NH-A6GA"
"HALLMARK_ALLOGRAFT_REJECTION",-0.932854747951646,0.775276125743416,13,4,"TCGA-5M-AAT6/TCGA-AA-3972/TCGA-AA-A02K/TCGA-AD-6964/TCGA-AG-A016/TCGA-AZ-6606/TCGA-F5-6702/TCGA-NH-A6GA"
"HALLMARK_COMPLEMENT",0.925937244799881,0.775276125743416,13,4,"TCGA-5M-AAT6/TCGA-AA-3972/TCGA-AA-A02K/TCGA-AD-6964/TCGA-AG-A016/TCGA-AZ-6606/TCGA-F5-6702/TCGA-NH-A6GA"
"HALLMARK_INFLAMMATORY_RESPONSE",0.929764792542665,0.775276125743416,13,4,"TCGA-5M-AAT6/TCGA-AA-3972/TCGA-AA-A02K/TCGA-AD-6964/TCGA-AG-A016/TCGA-AZ-6606/TCGA-F5-6702/TCGA-NH-A6GA"
"HALLMARK_INTERFERON_GAMMA_RESPONSE",0.910074680086773,0.775276125743416,13,4,"TCGA-5M-AAT6/TCGA-AA-3972/TCGA-AA-A02K/TCGA-AD-6964/TCGA-AG-A016/TCGA-AZ-6606/TCGA-F5-6702/TCGA-NH-A6GA"
"HALLMARK_E2F_TARGETS",-2.86863239223258,4.63398912915003e-22,14,3,"TCGA-AA-3680/TCGA-AA-3972/TCGA-AA-A02K/TCGA-AG-3584/TCGA-AG-3999/TCGA-AZ-4684/TCGA-CI-6620/TCGA-NH-A6GA"
"HALLMARK_INTERFERON_GAMMA_RESPONSE",-2.75367730043527,1.26290554807012e-17,14,3,"TCGA-AA-3680/TCGA-AA-3972/TCGA-AA-A02K/TCGA-AG-3584/TCGA-AG-3999/TCGA-AZ-4684/TCGA-CI-6620/TCGA-NH-A6GA"
"HALLMARK_ALLOGRAFT_REJECTION",-2.64823248654837,5.1487585701249e-15,14,3,"TCGA-AA-3680/TCGA-AA-3972/TCGA-AA-A02K/TCGA-AG-3584/TCGA-AG-3999/TCGA-AZ-4684/TCGA-CI-6620/TCGA-NH-A6GA"
"HALLMARK_G2M_CHECKPOINT",-2.56248883295313,9.40964910367881e-15,14,3,"TCGA-AA-3680/TCGA-AA-3972/TCGA-AA-A02K/TCGA-AG-3584/TCGA-AG-3999/TCGA-AZ-4684/TCGA-CI-6620/TCGA-NH-A6GA"
"HALLMARK_COMPLEMENT",-2.07876380722919,2.31623178746766e-07,14,3,"TCGA-AA-3680/TCGA-AA-3972/TCGA-AA-A02K/TCGA-AG-3584/TCGA-AG-3999/TCGA-AZ-4684/TCGA-CI-6620/TCGA-NH-A6GA"
"HALLMARK_MYC_TARGETS_V1",-1.98731315694106,3.41223433582084e-07,14,3,"TCGA-AA-3680/TCGA-AA-3972/TCGA-AA-A02K/TCGA-AG-3584/TCGA-AG-3999/TCGA-AZ-4684/TCGA-CI-6620/TCGA-NH-A6GA"
"HALLMARK_INTERFERON_ALPHA_RESPONSE",-2.23150411119079,3.91734758644735e-07,14,3,"TCGA-AA-3680/TCGA-AA-3972/TCGA-AA-A02K/TCGA-AG-3584/TCGA-AG-3999/TCGA-AZ-4684/TCGA-CI-6620/TCGA-NH-A6GA"
"HALLMARK_INFLAMMATORY_RESPONSE",-1.9924889230699,1.47669847191756e-06,14,3,"TCGA-AA-3680/TCGA-AA-3972/TCGA-AA-A02K/TCGA-AG-3584/TCGA-AG-3999/TCGA-AZ-4684/TCGA-CI-6620/TCGA-NH-A6GA"
"HALLMARK_CHOLESTEROL_HOMEOSTASIS",1.36860264090351,0.0992,14,3,"TCGA-AA-3680/TCGA-AA-3972/TCGA-AA-A02K/TCGA-AG-3584/TCGA-AG-3999/TCGA-AZ-4684/TCGA-CI-6620/TCGA-NH-A6GA"
"HALLMARK_E2F_TARGETS",-2.50745083418599,4.88298893000555e-13,15,3,"TCGA-5M-AAT6/TCGA-AA-3680/TCGA-AA-A02K/TCGA-AG-3999/TCGA-AG-A016/TCGA-AZ-4684/TCGA-AZ-6606/TCGA-NH-A6GB"
"HALLMARK_G2M_CHECKPOINT",-2.31551476570361,9.07605986777989e-11,15,3,"TCGA-5M-AAT6/TCGA-AA-3680/TCGA-AA-A02K/TCGA-AG-3999/TCGA-AG-A016/TCGA-AZ-4684/TCGA-AZ-6606/TCGA-NH-A6GB"
"HALLMARK_CHOLESTEROL_HOMEOSTASIS",2.14571638580077,1.1414485898967e-05,15,3,"TCGA-5M-AAT6/TCGA-AA-3680/TCGA-AA-A02K/TCGA-AG-3999/TCGA-AG-A016/TCGA-AZ-4684/TCGA-AZ-6606/TCGA-NH-A6GB"
"HALLMARK_ALLOGRAFT_REJECTION",-1.82818104037447,4.13905581215886e-05,15,3,"TCGA-5M-AAT6/TCGA-AA-3680/TCGA-AA-A02K/TCGA-AG-3999/TCGA-AG-A016/TCGA-AZ-4684/TCGA-AZ-6606/TCGA-NH-A6GB"
"HALLMARK_COMPLEMENT",-1.62354407408964,0.00128284395970944,15,3,"TCGA-5M-AAT6/TCGA-AA-3680/TCGA-AA-A02K/TCGA-AG-3999/TCGA-AG-A016/TCGA-AZ-4684/TCGA-AZ-6606/TCGA-NH-A6GB"
"HALLMARK_INTERFERON_GAMMA_RESPONSE",-1.60122688212348,0.00128284395970944,15,3,"TCGA-5M-AAT6/TCGA-AA-3680/TCGA-AA-A02K/TCGA-AG-3999/TCGA-AG-A016/TCGA-AZ-4684/TCGA-AZ-6606/TCGA-NH-A6GB"
"HALLMARK_MYC_TARGETS_V1",-1.33473729880773,0.0288148087611278,15,3,"TCGA-5M-AAT6/TCGA-AA-3680/TCGA-AA-A02K/TCGA-AG-3999/TCGA-AG-A016/TCGA-AZ-4684/TCGA-AZ-6606/TCGA-NH-A6GB"
"HALLMARK_INFLAMMATORY_RESPONSE",-1.30427503344048,0.0475798295223744,15,3,"TCGA-5M-AAT6/TCGA-AA-3680/TCGA-AA-A02K/TCGA-AG-3999/TCGA-AG-A016/TCGA-AZ-4684/TCGA-AZ-6606/TCGA-NH-A6GB"
"HALLMARK_INTERFERON_ALPHA_RESPONSE",0.807263655854016,0.941922733647839,15,3,"TCGA-5M-AAT6/TCGA-AA-3680/TCGA-AA-A02K/TCGA-AG-3999/TCGA-AG-A016/TCGA-AZ-4684/TCGA-AZ-6606/TCGA-NH-A6GB"
"HALLMARK_G2M_CHECKPOINT",-2.61680423805201,1.64569488371116e-15,16,3,"TCGA-5M-AAT6/TCGA-AA-3844/TCGA-AA-3930/TCGA-AD-6964/TCGA-AG-3999/TCGA-AG-A016/TCGA-F5-6702/TCGA-NH-A6GB"
"HALLMARK_E2F_TARGETS",-2.46637762838752,4.8108452777887e-14,16,3,"TCGA-5M-AAT6/TCGA-AA-3844/TCGA-AA-3930/TCGA-AD-6964/TCGA-AG-3999/TCGA-AG-A016/TCGA-F5-6702/TCGA-NH-A6GB"
"HALLMARK_ALLOGRAFT_REJECTION",1.81674889158184,8.04668648471094e-05,16,3,"TCGA-5M-AAT6/TCGA-AA-3844/TCGA-AA-3930/TCGA-AD-6964/TCGA-AG-3999/TCGA-AG-A016/TCGA-F5-6702/TCGA-NH-A6GB"
"HALLMARK_INFLAMMATORY_RESPONSE",1.70576363679628,0.00123452576758183,16,3,"TCGA-5M-AAT6/TCGA-AA-3844/TCGA-AA-3930/TCGA-AD-6964/TCGA-AG-3999/TCGA-AG-A016/TCGA-F5-6702/TCGA-NH-A6GB"
"HALLMARK_MYC_TARGETS_V1",-1.38718091242958,0.0188119131314115,16,3,"TCGA-5M-AAT6/TCGA-AA-3844/TCGA-AA-3930/TCGA-AD-6964/TCGA-AG-3999/TCGA-AG-A016/TCGA-F5-6702/TCGA-NH-A6GB"
"HALLMARK_CHOLESTEROL_HOMEOSTASIS",1.5632558337905,0.0263861410361177,16,3,"TCGA-5M-AAT6/TCGA-AA-3844/TCGA-AA-3930/TCGA-AD-6964/TCGA-AG-3999/TCGA-AG-A016/TCGA-F5-6702/TCGA-NH-A6GB"
"HALLMARK_COMPLEMENT",1.42384470663964,0.0538203349594209,16,3,"TCGA-5M-AAT6/TCGA-AA-3844/TCGA-AA-3930/TCGA-AD-6964/TCGA-AG-3999/TCGA-AG-A016/TCGA-F5-6702/TCGA-NH-A6GB"
"HALLMARK_INTERFERON_GAMMA_RESPONSE",1.27705895846632,0.135441292356186,16,3,"TCGA-5M-AAT6/TCGA-AA-3844/TCGA-AA-3930/TCGA-AD-6964/TCGA-AG-3999/TCGA-AG-A016/TCGA-F5-6702/TCGA-NH-A6GB"
"HALLMARK_INTERFERON_ALPHA_RESPONSE",1.0265910404356,0.52955970387163,16,3,"TCGA-5M-AAT6/TCGA-AA-3844/TCGA-AA-3930/TCGA-AD-6964/TCGA-AG-3999/TCGA-AG-A016/TCGA-F5-6702/TCGA-NH-A6GB"
"HALLMARK_G2M_CHECKPOINT",-2.64301781935367,1.8639733103808e-16,17,5,"TCGA-AA-3680/TCGA-AA-3930/TCGA-AA-3972/TCGA-AG-A016/TCGA-AZ-4682/TCGA-AZ-4684/TCGA-NH-A6GA/TCGA-NH-A6GB"
"HALLMARK_INTERFERON_GAMMA_RESPONSE",-2.51274870469353,1.20972108924822e-14,17,5,"TCGA-AA-3680/TCGA-AA-3930/TCGA-AA-3972/TCGA-AG-A016/TCGA-AZ-4682/TCGA-AZ-4684/TCGA-NH-A6GA/TCGA-NH-A6GB"
"HALLMARK_E2F_TARGETS",-2.43439164762188,1.91040830385194e-13,17,5,"TCGA-AA-3680/TCGA-AA-3930/TCGA-AA-3972/TCGA-AG-A016/TCGA-AZ-4682/TCGA-AZ-4684/TCGA-NH-A6GA/TCGA-NH-A6GB"
"HALLMARK_ALLOGRAFT_REJECTION",-2.0278043382786,6.5860891390259e-07,17,5,"TCGA-AA-3680/TCGA-AA-3930/TCGA-AA-3972/TCGA-AG-A016/TCGA-AZ-4682/TCGA-AZ-4684/TCGA-NH-A6GA/TCGA-NH-A6GB"
"HALLMARK_INTERFERON_ALPHA_RESPONSE",-2.20093075869542,1.15119807695109e-06,17,5,"TCGA-AA-3680/TCGA-AA-3930/TCGA-AA-3972/TCGA-AG-A016/TCGA-AZ-4682/TCGA-AZ-4684/TCGA-NH-A6GA/TCGA-NH-A6GB"
"HALLMARK_CHOLESTEROL_HOMEOSTASIS",2.04385361915874,3.36757216207385e-05,17,5,"TCGA-AA-3680/TCGA-AA-3930/TCGA-AA-3972/TCGA-AG-A016/TCGA-AZ-4682/TCGA-AZ-4684/TCGA-NH-A6GA/TCGA-NH-A6GB"
"HALLMARK_COMPLEMENT",-1.79392448965455,5.46056325255216e-05,17,5,"TCGA-AA-3680/TCGA-AA-3930/TCGA-AA-3972/TCGA-AG-A016/TCGA-AZ-4682/TCGA-AZ-4684/TCGA-NH-A6GA/TCGA-NH-A6GB"
"HALLMARK_INFLAMMATORY_RESPONSE",-1.53178668138976,0.00566509286550995,17,5,"TCGA-AA-3680/TCGA-AA-3930/TCGA-AA-3972/TCGA-AG-A016/TCGA-AZ-4682/TCGA-AZ-4684/TCGA-NH-A6GA/TCGA-NH-A6GB"
"HALLMARK_MYC_TARGETS_V1",0.868985250240277,0.842774247029566,17,5,"TCGA-AA-3680/TCGA-AA-3930/TCGA-AA-3972/TCGA-AG-A016/TCGA-AZ-4682/TCGA-AZ-4684/TCGA-NH-A6GA/TCGA-NH-A6GB"
"HALLMARK_E2F_TARGETS",-3.21696445316563,8.24190184431412e-30,18,1,"TCGA-5M-AAT6/TCGA-AA-3680/TCGA-AA-3972/TCGA-AD-6964/TCGA-AZ-4684/TCGA-AZ-6606/TCGA-CI-6620/TCGA-F5-6702"
"HALLMARK_G2M_CHECKPOINT",-2.84862019619069,5.95986417015541e-21,18,1,"TCGA-5M-AAT6/TCGA-AA-3680/TCGA-AA-3972/TCGA-AD-6964/TCGA-AZ-4684/TCGA-AZ-6606/TCGA-CI-6620/TCGA-F5-6702"
"HALLMARK_MYC_TARGETS_V1",-2.46882398390089,4.61181261193256e-14,18,1,"TCGA-5M-AAT6/TCGA-AA-3680/TCGA-AA-3972/TCGA-AD-6964/TCGA-AZ-4684/TCGA-AZ-6606/TCGA-CI-6620/TCGA-F5-6702"
"HALLMARK_ALLOGRAFT_REJECTION",1.70037913798782,0.00043426360747778,18,1,"TCGA-5M-AAT6/TCGA-AA-3680/TCGA-AA-3972/TCGA-AD-6964/TCGA-AZ-4684/TCGA-AZ-6606/TCGA-CI-6620/TCGA-F5-6702"
"HALLMARK_INFLAMMATORY_RESPONSE",1.6222564313272,0.00120436316246005,18,1,"TCGA-5M-AAT6/TCGA-AA-3680/TCGA-AA-3972/TCGA-AD-6964/TCGA-AZ-4684/TCGA-AZ-6606/TCGA-CI-6620/TCGA-F5-6702"
"HALLMARK_CHOLESTEROL_HOMEOSTASIS",1.6534597196452,0.00748357535904579,18,1,"TCGA-5M-AAT6/TCGA-AA-3680/TCGA-AA-3972/TCGA-AD-6964/TCGA-AZ-4684/TCGA-AZ-6606/TCGA-CI-6620/TCGA-F5-6702"
"HALLMARK_COMPLEMENT",1.52040898854383,0.00782876575949499,18,1,"TCGA-5M-AAT6/TCGA-AA-3680/TCGA-AA-3972/TCGA-AD-6964/TCGA-AZ-4684/TCGA-AZ-6606/TCGA-CI-6620/TCGA-F5-6702"
"HALLMARK_INTERFERON_GAMMA_RESPONSE",1.23961440442599,0.141196915390464,18,1,"TCGA-5M-AAT6/TCGA-AA-3680/TCGA-AA-3972/TCGA-AD-6964/TCGA-AZ-4684/TCGA-AZ-6606/TCGA-CI-6620/TCGA-F5-6702"
"HALLMARK_INTERFERON_ALPHA_RESPONSE",1.08544953619128,0.348784878487849,18,1,"TCGA-5M-AAT6/TCGA-AA-3680/TCGA-AA-3972/TCGA-AD-6964/TCGA-AZ-4684/TCGA-AZ-6606/TCGA-CI-6620/TCGA-F5-6702"
"HALLMARK_G2M_CHECKPOINT",-2.6448142802027,3.38784542350635e-16,19,4,"TCGA-AA-3844/TCGA-AA-3930/TCGA-AA-3972/TCGA-AA-A02K/TCGA-AZ-4682/TCGA-AZ-4684/TCGA-AZ-6600/TCGA-F5-6702"
"HALLMARK_E2F_TARGETS",-2.34342450848465,2.14975615595624e-11,19,4,"TCGA-AA-3844/TCGA-AA-3930/TCGA-AA-3972/TCGA-AA-A02K/TCGA-AZ-4682/TCGA-AZ-4684/TCGA-AZ-6600/TCGA-F5-6702"
"HALLMARK_CHOLESTEROL_HOMEOSTASIS",2.01078043938915,3.68210190850003e-05,19,4,"TCGA-AA-3844/TCGA-AA-3930/TCGA-AA-3972/TCGA-AA-A02K/TCGA-AZ-4682/TCGA-AZ-4684/TCGA-AZ-6600/TCGA-F5-6702"
"HALLMARK_INTERFERON_GAMMA_RESPONSE",-1.69852294247253,0.000208412245188302,19,4,"TCGA-AA-3844/TCGA-AA-3930/TCGA-AA-3972/TCGA-AA-A02K/TCGA-AZ-4682/TCGA-AZ-4684/TCGA-AZ-6600/TCGA-F5-6702"
"HALLMARK_ALLOGRAFT_REJECTION",-1.44735052962361,0.0105176950591075,19,4,"TCGA-AA-3844/TCGA-AA-3930/TCGA-AA-3972/TCGA-AA-A02K/TCGA-AZ-4682/TCGA-AZ-4684/TCGA-AZ-6600/TCGA-F5-6702"
"HALLMARK_INTERFERON_ALPHA_RESPONSE",-1.3965358871694,0.0760125416664386,19,4,"TCGA-AA-3844/TCGA-AA-3930/TCGA-AA-3972/TCGA-AA-A02K/TCGA-AZ-4682/TCGA-AZ-4684/TCGA-AZ-6600/TCGA-F5-6702"
"HALLMARK_INFLAMMATORY_RESPONSE",1.15222564863599,0.353470437017995,19,4,"TCGA-AA-3844/TCGA-AA-3930/TCGA-AA-3972/TCGA-AA-A02K/TCGA-AZ-4682/TCGA-AZ-4684/TCGA-AZ-6600/TCGA-F5-6702"
"HALLMARK_COMPLEMENT",-0.890941421724858,0.918278635079331,19,4,"TCGA-AA-3844/TCGA-AA-3930/TCGA-AA-3972/TCGA-AA-A02K/TCGA-AZ-4682/TCGA-AZ-4684/TCGA-AZ-6600/TCGA-F5-6702"
"HALLMARK_MYC_TARGETS_V1",-0.888189625874648,0.931525555989075,19,4,"TCGA-AA-3844/TCGA-AA-3930/TCGA-AA-3972/TCGA-AA-A02K/TCGA-AZ-4682/TCGA-AZ-4684/TCGA-AZ-6600/TCGA-F5-6702"
"HALLMARK_E2F_TARGETS",-1.93833427728823,1.10773673648106e-06,20,2,"TCGA-5M-AAT6/TCGA-AA-3844/TCGA-AD-6964/TCGA-AZ-6600/TCGA-AZ-6606/TCGA-CI-6620/TCGA-F5-6702/TCGA-RU-A8FL"
"HALLMARK_MYC_TARGETS_V1",-1.89763881237273,2.6183898524849e-06,20,2,"TCGA-5M-AAT6/TCGA-AA-3844/TCGA-AD-6964/TCGA-AZ-6600/TCGA-AZ-6606/TCGA-CI-6620/TCGA-F5-6702/TCGA-RU-A8FL"
"HALLMARK_G2M_CHECKPOINT",-1.8295419558333,8.39624181279903e-06,20,2,"TCGA-5M-AAT6/TCGA-AA-3844/TCGA-AD-6964/TCGA-AZ-6600/TCGA-AZ-6606/TCGA-CI-6620/TCGA-F5-6702/TCGA-RU-A8FL"
"HALLMARK_CHOLESTEROL_HOMEOSTASIS",1.63646642878183,0.0107887209429878,20,2,"TCGA-5M-AAT6/TCGA-AA-3844/TCGA-AD-6964/TCGA-AZ-6600/TCGA-AZ-6606/TCGA-CI-6620/TCGA-F5-6702/TCGA-RU-A8FL"
"HALLMARK_COMPLEMENT",1.5305472587446,0.0107887209429878,20,2,"TCGA-5M-AAT6/TCGA-AA-3844/TCGA-AD-6964/TCGA-AZ-6600/TCGA-AZ-6606/TCGA-CI-6620/TCGA-F5-6702/TCGA-RU-A8FL"
"HALLMARK_INFLAMMATORY_RESPONSE",1.41705433589125,0.0504009688985537,20,2,"TCGA-5M-AAT6/TCGA-AA-3844/TCGA-AD-6964/TCGA-AZ-6600/TCGA-AZ-6606/TCGA-CI-6620/TCGA-F5-6702/TCGA-RU-A8FL"
"HALLMARK_ALLOGRAFT_REJECTION",1.38520276301383,0.0672658920323787,20,2,"TCGA-5M-AAT6/TCGA-AA-3844/TCGA-AD-6964/TCGA-AZ-6600/TCGA-AZ-6606/TCGA-CI-6620/TCGA-F5-6702/TCGA-RU-A8FL"
"HALLMARK_INTERFERON_GAMMA_RESPONSE",1.02585713707731,0.644783118405627,20,2,"TCGA-5M-AAT6/TCGA-AA-3844/TCGA-AD-6964/TCGA-AZ-6600/TCGA-AZ-6606/TCGA-CI-6620/TCGA-F5-6702/TCGA-RU-A8FL"
"HALLMARK_INTERFERON_ALPHA_RESPONSE",0.964148813835725,0.726438874107268,20,2,"TCGA-5M-AAT6/TCGA-AA-3844/TCGA-AD-6964/TCGA-AZ-6600/TCGA-AZ-6606/TCGA-CI-6620/TCGA-F5-6702/TCGA-RU-A8FL"
"HALLMARK_G2M_CHECKPOINT",-2.7211763132168,3.71907641507693e-18,21,4,"TCGA-5M-AAT6/TCGA-AA-3844/TCGA-AD-6964/TCGA-AG-3584/TCGA-AZ-4682/TCGA-AZ-6600/TCGA-NH-A6GA/TCGA-NH-A6GB"
"HALLMARK_E2F_TARGETS",-2.65187741929616,1.35169387630516e-17,21,4,"TCGA-5M-AAT6/TCGA-AA-3844/TCGA-AD-6964/TCGA-AG-3584/TCGA-AZ-4682/TCGA-AZ-6600/TCGA-NH-A6GA/TCGA-NH-A6GB"
"HALLMARK_MYC_TARGETS_V1",-2.07157800960923,5.07239054245307e-08,21,4,"TCGA-5M-AAT6/TCGA-AA-3844/TCGA-AD-6964/TCGA-AG-3584/TCGA-AZ-4682/TCGA-AZ-6600/TCGA-NH-A6GA/TCGA-NH-A6GB"
"HALLMARK_ALLOGRAFT_REJECTION",1.92034517852856,1.30209860596921e-05,21,4,"TCGA-5M-AAT6/TCGA-AA-3844/TCGA-AD-6964/TCGA-AG-3584/TCGA-AZ-4682/TCGA-AZ-6600/TCGA-NH-A6GA/TCGA-NH-A6GB"
"HALLMARK_COMPLEMENT",1.68371609889208,0.00084820509683015,21,4,"TCGA-5M-AAT6/TCGA-AA-3844/TCGA-AD-6964/TCGA-AG-3584/TCGA-AZ-4682/TCGA-AZ-6600/TCGA-NH-A6GA/TCGA-NH-A6GB"
"HALLMARK_INFLAMMATORY_RESPONSE",1.65628560280824,0.00152465166831243,21,4,"TCGA-5M-AAT6/TCGA-AA-3844/TCGA-AD-6964/TCGA-AG-3584/TCGA-AZ-4682/TCGA-AZ-6600/TCGA-NH-A6GA/TCGA-NH-A6GB"
"HALLMARK_INTERFERON_GAMMA_RESPONSE",1.45319217961112,0.0159729013831807,21,4,"TCGA-5M-AAT6/TCGA-AA-3844/TCGA-AD-6964/TCGA-AG-3584/TCGA-AZ-4682/TCGA-AZ-6600/TCGA-NH-A6GA/TCGA-NH-A6GB"
"HALLMARK_INTERFERON_ALPHA_RESPONSE",1.37581662069357,0.0985188204919147,21,4,"TCGA-5M-AAT6/TCGA-AA-3844/TCGA-AD-6964/TCGA-AG-3584/TCGA-AZ-4682/TCGA-AZ-6600/TCGA-NH-A6GA/TCGA-NH-A6GB"
"HALLMARK_CHOLESTEROL_HOMEOSTASIS",1.32141114481071,0.141242937853107,21,4,"TCGA-5M-AAT6/TCGA-AA-3844/TCGA-AD-6964/TCGA-AG-3584/TCGA-AZ-4682/TCGA-AZ-6600/TCGA-NH-A6GA/TCGA-NH-A6GB"
"HALLMARK_E2F_TARGETS",-2.90880832948361,1.25248063795212e-23,22,4,"TCGA-AA-3680/TCGA-AD-6964/TCGA-AZ-4682/TCGA-AZ-6600/TCGA-AZ-6606/TCGA-NH-A6GA/TCGA-NH-A6GB/TCGA-RU-A8FL"
"HALLMARK_G2M_CHECKPOINT",-2.62471551669091,1.55033349992915e-16,22,4,"TCGA-AA-3680/TCGA-AD-6964/TCGA-AZ-4682/TCGA-AZ-6600/TCGA-AZ-6606/TCGA-NH-A6GA/TCGA-NH-A6GB/TCGA-RU-A8FL"
"HALLMARK_INTERFERON_GAMMA_RESPONSE",-2.05670289552697,9.73146199652401e-08,22,4,"TCGA-AA-3680/TCGA-AD-6964/TCGA-AZ-4682/TCGA-AZ-6600/TCGA-AZ-6606/TCGA-NH-A6GA/TCGA-NH-A6GB/TCGA-RU-A8FL"
"HALLMARK_MYC_TARGETS_V1",-2.0281827475785,1.09180095416717e-07,22,4,"TCGA-AA-3680/TCGA-AD-6964/TCGA-AZ-4682/TCGA-AZ-6600/TCGA-AZ-6606/TCGA-NH-A6GA/TCGA-NH-A6GB/TCGA-RU-A8FL"
"HALLMARK_INFLAMMATORY_RESPONSE",-1.70431034040878,0.000376442558330182,22,4,"TCGA-AA-3680/TCGA-AD-6964/TCGA-AZ-4682/TCGA-AZ-6600/TCGA-AZ-6606/TCGA-NH-A6GA/TCGA-NH-A6GB/TCGA-RU-A8FL"
"HALLMARK_INTERFERON_ALPHA_RESPONSE",-1.75724231827557,0.00283266942181457,22,4,"TCGA-AA-3680/TCGA-AD-6964/TCGA-AZ-4682/TCGA-AZ-6600/TCGA-AZ-6606/TCGA-NH-A6GA/TCGA-NH-A6GB/TCGA-RU-A8FL"
"HALLMARK_CHOLESTEROL_HOMEOSTASIS",1.64388989367786,0.0124830757252244,22,4,"TCGA-AA-3680/TCGA-AD-6964/TCGA-AZ-4682/TCGA-AZ-6600/TCGA-AZ-6606/TCGA-NH-A6GA/TCGA-NH-A6GB/TCGA-RU-A8FL"
"HALLMARK_COMPLEMENT",-1.39928376651701,0.0166506352877752,22,4,"TCGA-AA-3680/TCGA-AD-6964/TCGA-AZ-4682/TCGA-AZ-6600/TCGA-AZ-6606/TCGA-NH-A6GA/TCGA-NH-A6GB/TCGA-RU-A8FL"
"HALLMARK_ALLOGRAFT_REJECTION",-1.06628658430404,0.474358974358974,22,4,"TCGA-AA-3680/TCGA-AD-6964/TCGA-AZ-4682/TCGA-AZ-6600/TCGA-AZ-6606/TCGA-NH-A6GA/TCGA-NH-A6GB/TCGA-RU-A8FL"
"HALLMARK_G2M_CHECKPOINT",-2.16381438817343,1.40788831388152e-08,23,3,"TCGA-5M-AAT6/TCGA-AA-3930/TCGA-AA-A02K/TCGA-AG-3584/TCGA-AG-3999/TCGA-AZ-4684/TCGA-NH-A6GB/TCGA-RU-A8FL"
"HALLMARK_CHOLESTEROL_HOMEOSTASIS",1.97863805876537,0.00015785622120596,23,3,"TCGA-5M-AAT6/TCGA-AA-3930/TCGA-AA-A02K/TCGA-AG-3584/TCGA-AG-3999/TCGA-AZ-4684/TCGA-NH-A6GB/TCGA-RU-A8FL"
"HALLMARK_E2F_TARGETS",-1.62093922492207,0.000781582508151681,23,3,"TCGA-5M-AAT6/TCGA-AA-3930/TCGA-AA-A02K/TCGA-AG-3584/TCGA-AG-3999/TCGA-AZ-4684/TCGA-NH-A6GB/TCGA-RU-A8FL"
"HALLMARK_ALLOGRAFT_REJECTION",-1.57063826563333,0.00438603710608765,23,3,"TCGA-5M-AAT6/TCGA-AA-3930/TCGA-AA-A02K/TCGA-AG-3584/TCGA-AG-3999/TCGA-AZ-4684/TCGA-NH-A6GB/TCGA-RU-A8FL"
"HALLMARK_COMPLEMENT",-1.32250291817771,0.0374281154995717,23,3,"TCGA-5M-AAT6/TCGA-AA-3930/TCGA-AA-A02K/TCGA-AG-3584/TCGA-AG-3999/TCGA-AZ-4684/TCGA-NH-A6GB/TCGA-RU-A8FL"
"HALLMARK_INTERFERON_GAMMA_RESPONSE",-1.32136643993768,0.0421414111755215,23,3,"TCGA-5M-AAT6/TCGA-AA-3930/TCGA-AA-A02K/TCGA-AG-3584/TCGA-AG-3999/TCGA-AZ-4684/TCGA-NH-A6GB/TCGA-RU-A8FL"
"HALLMARK_INFLAMMATORY_RESPONSE",-1.14912787084057,0.291895604395604,23,3,"TCGA-5M-AAT6/TCGA-AA-3930/TCGA-AA-A02K/TCGA-AG-3584/TCGA-AG-3999/TCGA-AZ-4684/TCGA-NH-A6GB/TCGA-RU-A8FL"
"HALLMARK_INTERFERON_ALPHA_RESPONSE",-0.853242486093115,0.940048323769254,23,3,"TCGA-5M-AAT6/TCGA-AA-3930/TCGA-AA-A02K/TCGA-AG-3584/TCGA-AG-3999/TCGA-AZ-4684/TCGA-NH-A6GB/TCGA-RU-A8FL"
"HALLMARK_MYC_TARGETS_V1",0.674884179141045,1,23,3,"TCGA-5M-AAT6/TCGA-AA-3930/TCGA-AA-A02K/TCGA-AG-3584/TCGA-AG-3999/TCGA-AZ-4684/TCGA-NH-A6GB/TCGA-RU-A8FL"
"HALLMARK_E2F_TARGETS",-3.01102544899283,8.24259180232163e-25,24,3,"TCGA-AA-3844/TCGA-AA-A02K/TCGA-AD-6964/TCGA-AG-3999/TCGA-AZ-6600/TCGA-AZ-6606/TCGA-F5-6702/TCGA-NH-A6GB"
"HALLMARK_G2M_CHECKPOINT",-2.59375075259603,2.49817083261794e-15,24,3,"TCGA-AA-3844/TCGA-AA-A02K/TCGA-AD-6964/TCGA-AG-3999/TCGA-AZ-6600/TCGA-AZ-6606/TCGA-F5-6702/TCGA-NH-A6GB"
"HALLMARK_MYC_TARGETS_V1",-2.17834178186486,1.76736352830405e-09,24,3,"TCGA-AA-3844/TCGA-AA-A02K/TCGA-AD-6964/TCGA-AG-3999/TCGA-AZ-6600/TCGA-AZ-6606/TCGA-F5-6702/TCGA-NH-A6GB"
"HALLMARK_CHOLESTEROL_HOMEOSTASIS",1.67472608759572,0.0101294703040665,24,3,"TCGA-AA-3844/TCGA-AA-A02K/TCGA-AD-6964/TCGA-AG-3999/TCGA-AZ-6600/TCGA-AZ-6606/TCGA-F5-6702/TCGA-NH-A6GB"
"HALLMARK_INTERFERON_GAMMA_RESPONSE",-0.979762530669847,0.657318141980719,24,3,"TCGA-AA-3844/TCGA-AA-A02K/TCGA-AD-6964/TCGA-AG-3999/TCGA-AZ-6600/TCGA-AZ-6606/TCGA-F5-6702/TCGA-NH-A6GB"
"HALLMARK_COMPLEMENT",0.937285059357519,0.694772786971369,24,3,"TCGA-AA-3844/TCGA-AA-A02K/TCGA-AD-6964/TCGA-AG-3999/TCGA-AZ-6600/TCGA-AZ-6606/TCGA-F5-6702/TCGA-NH-A6GB"
"HALLMARK_INFLAMMATORY_RESPONSE",0.931137746120642,0.694772786971369,24,3,"TCGA-AA-3844/TCGA-AA-A02K/TCGA-AD-6964/TCGA-AG-3999/TCGA-AZ-6600/TCGA-AZ-6606/TCGA-F5-6702/TCGA-NH-A6GB"
"HALLMARK_INTERFERON_ALPHA_RESPONSE",-0.874861272176267,0.801282051282051,24,3,"TCGA-AA-3844/TCGA-AA-A02K/TCGA-AD-6964/TCGA-AG-3999/TCGA-AZ-6600/TCGA-AZ-6606/TCGA-F5-6702/TCGA-NH-A6GB"
"HALLMARK_ALLOGRAFT_REJECTION",-0.802282467051923,0.980891719745223,24,3,"TCGA-AA-3844/TCGA-AA-A02K/TCGA-AD-6964/TCGA-AG-3999/TCGA-AZ-6600/TCGA-AZ-6606/TCGA-F5-6702/TCGA-NH-A6GB"
"HALLMARK_E2F_TARGETS",-2.55692507893216,2.2323454377664e-15,25,1,"TCGA-AG-3584/TCGA-AG-3999/TCGA-AZ-4684/TCGA-AZ-6600/TCGA-AZ-6606/TCGA-CI-6620/TCGA-F5-6702/TCGA-NH-A6GB"
"HALLMARK_INTERFERON_GAMMA_RESPONSE",-2.04213866626943,1.59522030243766e-07,25,1,"TCGA-AG-3584/TCGA-AG-3999/TCGA-AZ-4684/TCGA-AZ-6600/TCGA-AZ-6606/TCGA-CI-6620/TCGA-F5-6702/TCGA-NH-A6GB"
"HALLMARK_G2M_CHECKPOINT",-1.97973276359633,4.93806258655741e-07,25,1,"TCGA-AG-3584/TCGA-AG-3999/TCGA-AZ-4684/TCGA-AZ-6600/TCGA-AZ-6606/TCGA-CI-6620/TCGA-F5-6702/TCGA-NH-A6GB"
"HALLMARK_CHOLESTEROL_HOMEOSTASIS",2.07431923298841,2.33111706700822e-05,25,1,"TCGA-AG-3584/TCGA-AG-3999/TCGA-AZ-4684/TCGA-AZ-6600/TCGA-AZ-6606/TCGA-CI-6620/TCGA-F5-6702/TCGA-NH-A6GB"
"HALLMARK_INTERFERON_ALPHA_RESPONSE",-1.845362558255,0.000217077907966008,25,1,"TCGA-AG-3584/TCGA-AG-3999/TCGA-AZ-4684/TCGA-AZ-6600/TCGA-AZ-6606/TCGA-CI-6620/TCGA-F5-6702/TCGA-NH-A6GB"
"HALLMARK_ALLOGRAFT_REJECTION",-1.60259766171431,0.000881165442830667,25,1,"TCGA-AG-3584/TCGA-AG-3999/TCGA-AZ-4684/TCGA-AZ-6600/TCGA-AZ-6606/TCGA-CI-6620/TCGA-F5-6702/TCGA-NH-A6GB"
"HALLMARK_MYC_TARGETS_V1",-1.49886748508962,0.00480973418268524,25,1,"TCGA-AG-3584/TCGA-AG-3999/TCGA-AZ-4684/TCGA-AZ-6600/TCGA-AZ-6606/TCGA-CI-6620/TCGA-F5-6702/TCGA-NH-A6GB"
"HALLMARK_COMPLEMENT",0.980358085267494,0.620117965885541,25,1,"TCGA-AG-3584/TCGA-AG-3999/TCGA-AZ-4684/TCGA-AZ-6600/TCGA-AZ-6606/TCGA-CI-6620/TCGA-F5-6702/TCGA-NH-A6GB"
"HALLMARK_INFLAMMATORY_RESPONSE",0.928118724024754,0.739817890980682,25,1,"TCGA-AG-3584/TCGA-AG-3999/TCGA-AZ-4684/TCGA-AZ-6600/TCGA-AZ-6606/TCGA-CI-6620/TCGA-F5-6702/TCGA-NH-A6GB"
"HALLMARK_G2M_CHECKPOINT",-2.81303590624221,9.1076286692915e-20,26,3,"TCGA-5M-AAT6/TCGA-AA-3680/TCGA-AA-3930/TCGA-AA-3972/TCGA-AG-3584/TCGA-AG-A016/TCGA-AZ-4682/TCGA-AZ-4684"
"HALLMARK_E2F_TARGETS",-2.45540754505425,3.67544806011058e-13,26,3,"TCGA-5M-AAT6/TCGA-AA-3680/TCGA-AA-3930/TCGA-AA-3972/TCGA-AG-3584/TCGA-AG-A016/TCGA-AZ-4682/TCGA-AZ-4684"
"HALLMARK_CHOLESTEROL_HOMEOSTASIS",1.90655066812963,0.000969601518943349,26,3,"TCGA-5M-AAT6/TCGA-AA-3680/TCGA-AA-3930/TCGA-AA-3972/TCGA-AG-3584/TCGA-AG-A016/TCGA-AZ-4682/TCGA-AZ-4684"
"HALLMARK_INTERFERON_GAMMA_RESPONSE",-1.47556023411394,0.0142709788319183,26,3,"TCGA-5M-AAT6/TCGA-AA-3680/TCGA-AA-3930/TCGA-AA-3972/TCGA-AG-3584/TCGA-AG-A016/TCGA-AZ-4682/TCGA-AZ-4684"
"HALLMARK_COMPLEMENT",-1.16410404016537,0.279411764705882,26,3,"TCGA-5M-AAT6/TCGA-AA-3680/TCGA-AA-3930/TCGA-AA-3972/TCGA-AG-3584/TCGA-AG-A016/TCGA-AZ-4682/TCGA-AZ-4684"
"HALLMARK_INTERFERON_ALPHA_RESPONSE",-1.15207039698191,0.335685025034137,26,3,"TCGA-5M-AAT6/TCGA-AA-3680/TCGA-AA-3930/TCGA-AA-3972/TCGA-AG-3584/TCGA-AG-A016/TCGA-AZ-4682/TCGA-AZ-4684"
"HALLMARK_INFLAMMATORY_RESPONSE",0.984960566412458,0.728194726166329,26,3,"TCGA-5M-AAT6/TCGA-AA-3680/TCGA-AA-3930/TCGA-AA-3972/TCGA-AG-3584/TCGA-AG-A016/TCGA-AZ-4682/TCGA-AZ-4684"
"HALLMARK_ALLOGRAFT_REJECTION",-0.941061645132282,0.799702436302771,26,3,"TCGA-5M-AAT6/TCGA-AA-3680/TCGA-AA-3930/TCGA-AA-3972/TCGA-AG-3584/TCGA-AG-A016/TCGA-AZ-4682/TCGA-AZ-4684"
"HALLMARK_MYC_TARGETS_V1",-0.877594317501683,0.864830237027546,26,3,"TCGA-5M-AAT6/TCGA-AA-3680/TCGA-AA-3930/TCGA-AA-3972/TCGA-AG-3584/TCGA-AG-A016/TCGA-AZ-4682/TCGA-AZ-4684"
"HALLMARK_INTERFERON_GAMMA_RESPONSE",-2.92470628400081,2.94304877034186e-22,27,5,"TCGA-AA-3680/TCGA-AA-3930/TCGA-AA-3972/TCGA-AA-A02K/TCGA-AG-3999/TCGA-AZ-4682/TCGA-NH-A6GB/TCGA-RU-A8FL"
"HALLMARK_ALLOGRAFT_REJECTION",-2.4378505545501,4.14718842711498e-12,27,5,"TCGA-AA-3680/TCGA-AA-3930/TCGA-AA-3972/TCGA-AA-A02K/TCGA-AG-3999/TCGA-AZ-4682/TCGA-NH-A6GB/TCGA-RU-A8FL"
"HALLMARK_G2M_CHECKPOINT",-2.34772296728189,1.15941365263208e-11,27,5,"TCGA-AA-3680/TCGA-AA-3930/TCGA-AA-3972/TCGA-AA-A02K/TCGA-AG-3999/TCGA-AZ-4682/TCGA-NH-A6GB/TCGA-RU-A8FL"
"HALLMARK_COMPLEMENT",-2.33452621200437,1.0180813809527e-10,27,5,"TCGA-AA-3680/TCGA-AA-3930/TCGA-AA-3972/TCGA-AA-A02K/TCGA-AG-3999/TCGA-AZ-4682/TCGA-NH-A6GB/TCGA-RU-A8FL"
"HALLMARK_E2F_TARGETS",-2.19384726026223,8.80514432267508e-10,27,5,"TCGA-AA-3680/TCGA-AA-3930/TCGA-AA-3972/TCGA-AA-A02K/TCGA-AG-3999/TCGA-AZ-4682/TCGA-NH-A6GB/TCGA-RU-A8FL"
"HALLMARK_INFLAMMATORY_RESPONSE",-2.23369469119137,8.80514432267508e-10,27,5,"TCGA-AA-3680/TCGA-AA-3930/TCGA-AA-3972/TCGA-AA-A02K/TCGA-AG-3999/TCGA-AZ-4682/TCGA-NH-A6GB/TCGA-RU-A8FL"
"HALLMARK_INTERFERON_ALPHA_RESPONSE",-2.19347766355367,9.17443854646598e-07,27,5,"TCGA-AA-3680/TCGA-AA-3930/TCGA-AA-3972/TCGA-AA-A02K/TCGA-AG-3999/TCGA-AZ-4682/TCGA-NH-A6GB/TCGA-RU-A8FL"
"HALLMARK_CHOLESTEROL_HOMEOSTASIS",1.36792991363334,0.0992939099735216,27,5,"TCGA-AA-3680/TCGA-AA-3930/TCGA-AA-3972/TCGA-AA-A02K/TCGA-AG-3999/TCGA-AZ-4682/TCGA-NH-A6GB/TCGA-RU-A8FL"
"HALLMARK_MYC_TARGETS_V1",0.743913321324104,1,27,5,"TCGA-AA-3680/TCGA-AA-3930/TCGA-AA-3972/TCGA-AA-A02K/TCGA-AG-3999/TCGA-AZ-4682/TCGA-NH-A6GB/TCGA-RU-A8FL"
"HALLMARK_E2F_TARGETS",-2.80476515145073,5.17316139733419e-20,28,3,"TCGA-5M-AAT6/TCGA-AA-3680/TCGA-AA-A02K/TCGA-AD-6964/TCGA-AZ-6600/TCGA-AZ-6606/TCGA-NH-A6GB/TCGA-RU-A8FL"
"HALLMARK_MYC_TARGETS_V1",-2.5876685529184,5.2329086763817e-16,28,3,"TCGA-5M-AAT6/TCGA-AA-3680/TCGA-AA-A02K/TCGA-AD-6964/TCGA-AZ-6600/TCGA-AZ-6606/TCGA-NH-A6GB/TCGA-RU-A8FL"
"HALLMARK_G2M_CHECKPOINT",-2.58481402181777,7.72134093645465e-16,28,3,"TCGA-5M-AAT6/TCGA-AA-3680/TCGA-AA-A02K/TCGA-AD-6964/TCGA-AZ-6600/TCGA-AZ-6606/TCGA-NH-A6GB/TCGA-RU-A8FL"
"HALLMARK_INTERFERON_ALPHA_RESPONSE",1.52164945677384,0.0379219898753076,28,3,"TCGA-5M-AAT6/TCGA-AA-3680/TCGA-AA-A02K/TCGA-AD-6964/TCGA-AZ-6600/TCGA-AZ-6606/TCGA-NH-A6GB/TCGA-RU-A8FL"
"HALLMARK_CHOLESTEROL_HOMEOSTASIS",1.39964869363061,0.122583686940123,28,3,"TCGA-5M-AAT6/TCGA-AA-3680/TCGA-AA-A02K/TCGA-AD-6964/TCGA-AZ-6600/TCGA-AZ-6606/TCGA-NH-A6GB/TCGA-RU-A8FL"
"HALLMARK_ALLOGRAFT_REJECTION",1.1756991068911,0.38265306122449,28,3,"TCGA-5M-AAT6/TCGA-AA-3680/TCGA-AA-A02K/TCGA-AD-6964/TCGA-AZ-6600/TCGA-AZ-6606/TCGA-NH-A6GB/TCGA-RU-A8FL"
"HALLMARK_INTERFERON_GAMMA_RESPONSE",1.1406481596668,0.40946992257296,28,3,"TCGA-5M-AAT6/TCGA-AA-3680/TCGA-AA-A02K/TCGA-AD-6964/TCGA-AZ-6600/TCGA-AZ-6606/TCGA-NH-A6GB/TCGA-RU-A8FL"
"HALLMARK_INFLAMMATORY_RESPONSE",1.01283565018307,0.630753494715309,28,3,"TCGA-5M-AAT6/TCGA-AA-3680/TCGA-AA-A02K/TCGA-AD-6964/TCGA-AZ-6600/TCGA-AZ-6606/TCGA-NH-A6GB/TCGA-RU-A8FL"
"HALLMARK_COMPLEMENT",-0.84662972556153,0.946643717728055,28,3,"TCGA-5M-AAT6/TCGA-AA-3680/TCGA-AA-A02K/TCGA-AD-6964/TCGA-AZ-6600/TCGA-AZ-6606/TCGA-NH-A6GB/TCGA-RU-A8FL"
"HALLMARK_INTERFERON_GAMMA_RESPONSE",-2.83866416366203,8.8848020069928e-20,29,4,"TCGA-AA-3844/TCGA-AA-3930/TCGA-AA-3972/TCGA-AA-A02K/TCGA-AG-3999/TCGA-AZ-4684/TCGA-CI-6620/TCGA-RU-A8FL"
"HALLMARK_ALLOGRAFT_REJECTION",-2.53709803332906,6.58035721659288e-14,29,4,"TCGA-AA-3844/TCGA-AA-3930/TCGA-AA-3972/TCGA-AA-A02K/TCGA-AG-3999/TCGA-AZ-4684/TCGA-CI-6620/TCGA-RU-A8FL"
"HALLMARK_COMPLEMENT",-2.22802930487952,5.3699634916855e-09,29,4,"TCGA-AA-3844/TCGA-AA-3930/TCGA-AA-3972/TCGA-AA-A02K/TCGA-AG-3999/TCGA-AZ-4684/TCGA-CI-6620/TCGA-RU-A8FL"
"HALLMARK_INTERFERON_ALPHA_RESPONSE",-2.36203995628814,2.28388818925681e-08,29,4,"TCGA-AA-3844/TCGA-AA-3930/TCGA-AA-3972/TCGA-AA-A02K/TCGA-AG-3999/TCGA-AZ-4684/TCGA-CI-6620/TCGA-RU-A8FL"
"HALLMARK_INFLAMMATORY_RESPONSE",-2.0268158812711,5.32354816599675e-07,29,4,"TCGA-AA-3844/TCGA-AA-3930/TCGA-AA-3972/TCGA-AA-A02K/TCGA-AG-3999/TCGA-AZ-4684/TCGA-CI-6620/TCGA-RU-A8FL"
"HALLMARK_MYC_TARGETS_V1",1.55703289438259,0.0041511953405197,29,4,"TCGA-AA-3844/TCGA-AA-3930/TCGA-AA-3972/TCGA-AA-A02K/TCGA-AG-3999/TCGA-AZ-4684/TCGA-CI-6620/TCGA-RU-A8FL"
"HALLMARK_CHOLESTEROL_HOMEOSTASIS",1.68338049894585,0.0070683114319202,29,4,"TCGA-AA-3844/TCGA-AA-3930/TCGA-AA-3972/TCGA-AA-A02K/TCGA-AG-3999/TCGA-AZ-4684/TCGA-CI-6620/TCGA-RU-A8FL"
"HALLMARK_G2M_CHECKPOINT",-1.31525430297366,0.0353455911267869,29,4,"TCGA-AA-3844/TCGA-AA-3930/TCGA-AA-3972/TCGA-AA-A02K/TCGA-AG-3999/TCGA-AZ-4684/TCGA-CI-6620/TCGA-RU-A8FL"
"HALLMARK_E2F_TARGETS",-0.788461033538088,1,29,4,"TCGA-AA-3844/TCGA-AA-3930/TCGA-AA-3972/TCGA-AA-A02K/TCGA-AG-3999/TCGA-AZ-4684/TCGA-CI-6620/TCGA-RU-A8FL"
"HALLMARK_E2F_TARGETS",-2.73746442353522,2.35126441807322e-19,30,3,"TCGA-AA-3844/TCGA-AD-6964/TCGA-AG-3999/TCGA-AZ-6600/TCGA-AZ-6606/TCGA-F5-6702/TCGA-NH-A6GB/TCGA-RU-A8FL"
"HALLMARK_G2M_CHECKPOINT",-2.44148769413032,3.11220100819724e-13,30,3,"TCGA-AA-3844/TCGA-AD-6964/TCGA-AG-3999/TCGA-AZ-6600/TCGA-AZ-6606/TCGA-F5-6702/TCGA-NH-A6GB/TCGA-RU-A8FL"
"HALLMARK_MYC_TARGETS_V1",-1.87423012324283,8.4628986291457e-06,30,3,"TCGA-AA-3844/TCGA-AD-6964/TCGA-AG-3999/TCGA-AZ-6600/TCGA-AZ-6606/TCGA-F5-6702/TCGA-NH-A6GB/TCGA-RU-A8FL"
"HALLMARK_INTERFERON_ALPHA_RESPONSE",-1.75049258886958,0.00138357550214012,30,3,"TCGA-AA-3844/TCGA-AD-6964/TCGA-AG-3999/TCGA-AZ-6600/TCGA-AZ-6606/TCGA-F5-6702/TCGA-NH-A6GB/TCGA-RU-A8FL"
"HALLMARK_INTERFERON_GAMMA_RESPONSE",-1.59676119866718,0.00138357550214012,30,3,"TCGA-AA-3844/TCGA-AD-6964/TCGA-AG-3999/TCGA-AZ-6600/TCGA-AZ-6606/TCGA-F5-6702/TCGA-NH-A6GB/TCGA-RU-A8FL"
"HALLMARK_CHOLESTEROL_HOMEOSTASIS",1.77244890583631,0.00241612820106007,30,3,"TCGA-AA-3844/TCGA-AD-6964/TCGA-AG-3999/TCGA-AZ-6600/TCGA-AZ-6606/TCGA-F5-6702/TCGA-NH-A6GB/TCGA-RU-A8FL"
"HALLMARK_INFLAMMATORY_RESPONSE",-0.9991154218637,0.653387937453462,30,3,"TCGA-AA-3844/TCGA-AD-6964/TCGA-AG-3999/TCGA-AZ-6600/TCGA-AZ-6606/TCGA-F5-6702/TCGA-NH-A6GB/TCGA-RU-A8FL"
"HALLMARK_COMPLEMENT",0.982150215379969,0.676461091378754,30,3,"TCGA-AA-3844/TCGA-AD-6964/TCGA-AG-3999/TCGA-AZ-6600/TCGA-AZ-6606/TCGA-F5-6702/TCGA-NH-A6GB/TCGA-RU-A8FL"
"HALLMARK_ALLOGRAFT_REJECTION",0.676647451056041,0.998759305210918,30,3,"TCGA-AA-3844/TCGA-AD-6964/TCGA-AG-3999/TCGA-AZ-6600/TCGA-AZ-6606/TCGA-F5-6702/TCGA-NH-A6GB/TCGA-RU-A8FL"
"HALLMARK_E2F_TARGETS",-1.7488299770291,0.000311026366726008,31,4,"TCGA-AA-3844/TCGA-AA-3930/TCGA-AA-A02K/TCGA-AD-6964/TCGA-AZ-6600/TCGA-CI-6620/TCGA-NH-A6GA/TCGA-NH-A6GB"
"HALLMARK_G2M_CHECKPOINT",-1.64947830275928,0.00190844058637232,31,4,"TCGA-AA-3844/TCGA-AA-3930/TCGA-AA-A02K/TCGA-AD-6964/TCGA-AZ-6600/TCGA-CI-6620/TCGA-NH-A6GA/TCGA-NH-A6GB"
"HALLMARK_INTERFERON_GAMMA_RESPONSE",-1.42583825189389,0.0351370587279196,31,4,"TCGA-AA-3844/TCGA-AA-3930/TCGA-AA-A02K/TCGA-AD-6964/TCGA-AZ-6600/TCGA-CI-6620/TCGA-NH-A6GA/TCGA-NH-A6GB"
"HALLMARK_INTERFERON_ALPHA_RESPONSE",-1.31174776348326,0.220165818819167,31,4,"TCGA-AA-3844/TCGA-AA-3930/TCGA-AA-A02K/TCGA-AD-6964/TCGA-AZ-6600/TCGA-CI-6620/TCGA-NH-A6GA/TCGA-NH-A6GB"
"HALLMARK_MYC_TARGETS_V1",-1.24262704308918,0.229323748661422,31,4,"TCGA-AA-3844/TCGA-AA-3930/TCGA-AA-A02K/TCGA-AD-6964/TCGA-AZ-6600/TCGA-CI-6620/TCGA-NH-A6GA/TCGA-NH-A6GB"
"HALLMARK_CHOLESTEROL_HOMEOSTASIS",1.13203008972976,0.502463054187192,31,4,"TCGA-AA-3844/TCGA-AA-3930/TCGA-AA-A02K/TCGA-AD-6964/TCGA-AZ-6600/TCGA-CI-6620/TCGA-NH-A6GA/TCGA-NH-A6GB"
"HALLMARK_INFLAMMATORY_RESPONSE",-0.966185234948877,0.737100737100737,31,4,"TCGA-AA-3844/TCGA-AA-3930/TCGA-AA-A02K/TCGA-AD-6964/TCGA-AZ-6600/TCGA-CI-6620/TCGA-NH-A6GA/TCGA-NH-A6GB"
"HALLMARK_COMPLEMENT",-0.881486220336148,0.890663390663391,31,4,"TCGA-AA-3844/TCGA-AA-3930/TCGA-AA-A02K/TCGA-AD-6964/TCGA-AZ-6600/TCGA-CI-6620/TCGA-NH-A6GA/TCGA-NH-A6GB"
"HALLMARK_ALLOGRAFT_REJECTION",-0.751738191226955,0.994047619047619,31,4,"TCGA-AA-3844/TCGA-AA-3930/TCGA-AA-A02K/TCGA-AD-6964/TCGA-AZ-6600/TCGA-CI-6620/TCGA-NH-A6GA/TCGA-NH-A6GB"
"HALLMARK_INTERFERON_GAMMA_RESPONSE",-2.83977052868706,7.49651799577016e-21,32,4,"TCGA-AG-3584/TCGA-AG-A016/TCGA-AZ-4682/TCGA-AZ-4684/TCGA-AZ-6600/TCGA-CI-6620/TCGA-NH-A6GA/TCGA-RU-A8FL"
"HALLMARK_ALLOGRAFT_REJECTION",-2.60659246568247,3.06410303964998e-15,32,4,"TCGA-AG-3584/TCGA-AG-A016/TCGA-AZ-4682/TCGA-AZ-4684/TCGA-AZ-6600/TCGA-CI-6620/TCGA-NH-A6GA/TCGA-RU-A8FL"
"HALLMARK_INTERFERON_ALPHA_RESPONSE",-2.581682702305,8.6058352365724e-11,32,4,"TCGA-AG-3584/TCGA-AG-A016/TCGA-AZ-4682/TCGA-AZ-4684/TCGA-AZ-6600/TCGA-CI-6620/TCGA-NH-A6GA/TCGA-RU-A8FL"
"HALLMARK_CHOLESTEROL_HOMEOSTASIS",2.30832435622477,9.03145454619622e-07,32,4,"TCGA-AG-3584/TCGA-AG-A016/TCGA-AZ-4682/TCGA-AZ-4684/TCGA-AZ-6600/TCGA-CI-6620/TCGA-NH-A6GA/TCGA-RU-A8FL"
"HALLMARK_INFLAMMATORY_RESPONSE",-2.02035835095003,9.03145454619622e-07,32,4,"TCGA-AG-3584/TCGA-AG-A016/TCGA-AZ-4682/TCGA-AZ-4684/TCGA-AZ-6600/TCGA-CI-6620/TCGA-NH-A6GA/TCGA-RU-A8FL"
"HALLMARK_COMPLEMENT",-1.92988870647927,8.84755071636862e-06,32,4,"TCGA-AG-3584/TCGA-AG-A016/TCGA-AZ-4682/TCGA-AZ-4684/TCGA-AZ-6600/TCGA-CI-6620/TCGA-NH-A6GA/TCGA-RU-A8FL"
"HALLMARK_G2M_CHECKPOINT",-1.682526839966,0.000276857801116055,32,4,"TCGA-AG-3584/TCGA-AG-A016/TCGA-AZ-4682/TCGA-AZ-4684/TCGA-AZ-6600/TCGA-CI-6620/TCGA-NH-A6GA/TCGA-RU-A8FL"
"HALLMARK_E2F_TARGETS",-1.46286128450239,0.00603364761881357,32,4,"TCGA-AG-3584/TCGA-AG-A016/TCGA-AZ-4682/TCGA-AZ-4684/TCGA-AZ-6600/TCGA-CI-6620/TCGA-NH-A6GA/TCGA-RU-A8FL"
"HALLMARK_MYC_TARGETS_V1",0.808094158148549,0.914556962025316,32,4,"TCGA-AG-3584/TCGA-AG-A016/TCGA-AZ-4682/TCGA-AZ-4684/TCGA-AZ-6600/TCGA-CI-6620/TCGA-NH-A6GA/TCGA-RU-A8FL"
"HALLMARK_INTERFERON_GAMMA_RESPONSE",-2.02938240111361,2.76149299086594e-06,33,3,"TCGA-AA-3844/TCGA-AA-3930/TCGA-AD-6964/TCGA-AG-3999/TCGA-AG-A016/TCGA-AZ-6600/TCGA-CI-6620/TCGA-NH-A6GB"
"HALLMARK_INTERFERON_ALPHA_RESPONSE",-1.97443089458276,0.000213467006584401,33,3,"TCGA-AA-3844/TCGA-AA-3930/TCGA-AD-6964/TCGA-AG-3999/TCGA-AG-A016/TCGA-AZ-6600/TCGA-CI-6620/TCGA-NH-A6GB"
"HALLMARK_CHOLESTEROL_HOMEOSTASIS",1.7253164411086,0.010360167800368,33,3,"TCGA-AA-3844/TCGA-AA-3930/TCGA-AD-6964/TCGA-AG-3999/TCGA-AG-A016/TCGA-AZ-6600/TCGA-CI-6620/TCGA-NH-A6GB"
"HALLMARK_G2M_CHECKPOINT",-1.45824884458202,0.0193903188775126,33,3,"TCGA-AA-3844/TCGA-AA-3930/TCGA-AD-6964/TCGA-AG-3999/TCGA-AG-A016/TCGA-AZ-6600/TCGA-CI-6620/TCGA-NH-A6GB"
"HALLMARK_E2F_TARGETS",-1.42942352449042,0.0259615504611249,33,3,"TCGA-AA-3844/TCGA-AA-3930/TCGA-AD-6964/TCGA-AG-3999/TCGA-AG-A016/TCGA-AZ-6600/TCGA-CI-6620/TCGA-NH-A6GB"
"HALLMARK_MYC_TARGETS_V1",1.06980160501916,0.640060240963855,33,3,"TCGA-AA-3844/TCGA-AA-3930/TCGA-AD-6964/TCGA-AG-3999/TCGA-AG-A016/TCGA-AZ-6600/TCGA-CI-6620/TCGA-NH-A6GB"
"HALLMARK_INFLAMMATORY_RESPONSE",-1.03526168646406,0.695642175462803,33,3,"TCGA-AA-3844/TCGA-AA-3930/TCGA-AD-6964/TCGA-AG-3999/TCGA-AG-A016/TCGA-AZ-6600/TCGA-CI-6620/TCGA-NH-A6GB"
"HALLMARK_COMPLEMENT",0.923042519604385,0.878494455723879,33,3,"TCGA-AA-3844/TCGA-AA-3930/TCGA-AD-6964/TCGA-AG-3999/TCGA-AG-A016/TCGA-AZ-6600/TCGA-CI-6620/TCGA-NH-A6GB"
"HALLMARK_ALLOGRAFT_REJECTION",-0.714149012421431,0.996969696969697,33,3,"TCGA-AA-3844/TCGA-AA-3930/TCGA-AD-6964/TCGA-AG-3999/TCGA-AG-A016/TCGA-AZ-6600/TCGA-CI-6620/TCGA-NH-A6GB"
"HALLMARK_INTERFERON_GAMMA_RESPONSE",-2.80331640258503,1.84171936208376e-21,34,4,"TCGA-AA-3680/TCGA-AA-3930/TCGA-AA-3972/TCGA-AG-A016/TCGA-AZ-6606/TCGA-CI-6620/TCGA-NH-A6GB/TCGA-RU-A8FL"
"HALLMARK_ALLOGRAFT_REJECTION",-2.49510617611125,1.74673704316846e-13,34,4,"TCGA-AA-3680/TCGA-AA-3930/TCGA-AA-3972/TCGA-AG-A016/TCGA-AZ-6606/TCGA-CI-6620/TCGA-NH-A6GB/TCGA-RU-A8FL"
"HALLMARK_INFLAMMATORY_RESPONSE",-2.37373227987658,2.03025738254201e-11,34,4,"TCGA-AA-3680/TCGA-AA-3930/TCGA-AA-3972/TCGA-AG-A016/TCGA-AZ-6606/TCGA-CI-6620/TCGA-NH-A6GB/TCGA-RU-A8FL"
"HALLMARK_COMPLEMENT",-2.22893022707054,9.69902524386623e-10,34,4,"TCGA-AA-3680/TCGA-AA-3930/TCGA-AA-3972/TCGA-AG-A016/TCGA-AZ-6606/TCGA-CI-6620/TCGA-NH-A6GB/TCGA-RU-A8FL"
"HALLMARK_INTERFERON_ALPHA_RESPONSE",-2.198884228208,1.12901579745805e-06,34,4,"TCGA-AA-3680/TCGA-AA-3930/TCGA-AA-3972/TCGA-AG-A016/TCGA-AZ-6606/TCGA-CI-6620/TCGA-NH-A6GB/TCGA-RU-A8FL"
"HALLMARK_CHOLESTEROL_HOMEOSTASIS",1.47648171213282,0.0472849933715892,34,4,"TCGA-AA-3680/TCGA-AA-3930/TCGA-AA-3972/TCGA-AG-A016/TCGA-AZ-6606/TCGA-CI-6620/TCGA-NH-A6GB/TCGA-RU-A8FL"
"HALLMARK_MYC_TARGETS_V1",0.840119071398653,0.994077834179357,34,4,"TCGA-AA-3680/TCGA-AA-3930/TCGA-AA-3972/TCGA-AG-A016/TCGA-AZ-6606/TCGA-CI-6620/TCGA-NH-A6GB/TCGA-RU-A8FL"
"HALLMARK_E2F_TARGETS",-0.774936636767779,1,34,4,"TCGA-AA-3680/TCGA-AA-3930/TCGA-AA-3972/TCGA-AG-A016/TCGA-AZ-6606/TCGA-CI-6620/TCGA-NH-A6GB/TCGA-RU-A8FL"
"HALLMARK_G2M_CHECKPOINT",-0.827247264144654,1,34,4,"TCGA-AA-3680/TCGA-AA-3930/TCGA-AA-3972/TCGA-AG-A016/TCGA-AZ-6606/TCGA-CI-6620/TCGA-NH-A6GB/TCGA-RU-A8FL"
"HALLMARK_ALLOGRAFT_REJECTION",-2.64632517366182,9.96832163876543e-16,35,5,"TCGA-AA-3844/TCGA-AA-3972/TCGA-AA-A02K/TCGA-AG-3584/TCGA-AZ-4682/TCGA-AZ-6606/TCGA-F5-6702/TCGA-RU-A8FL"
"HALLMARK_INTERFERON_GAMMA_RESPONSE",-2.3722274407642,4.30701654282509e-12,35,5,"TCGA-AA-3844/TCGA-AA-3972/TCGA-AA-A02K/TCGA-AG-3584/TCGA-AZ-4682/TCGA-AZ-6606/TCGA-F5-6702/TCGA-RU-A8FL"
"HALLMARK_G2M_CHECKPOINT",-2.09218300853594,7.42432451133872e-08,35,5,"TCGA-AA-3844/TCGA-AA-3972/TCGA-AA-A02K/TCGA-AG-3584/TCGA-AZ-4682/TCGA-AZ-6606/TCGA-F5-6702/TCGA-RU-A8FL"
"HALLMARK_INFLAMMATORY_RESPONSE",-2.08975827895251,7.88283995589476e-08,35,5,"TCGA-AA-3844/TCGA-AA-3972/TCGA-AA-A02K/TCGA-AG-3584/TCGA-AZ-4682/TCGA-AZ-6606/TCGA-F5-6702/TCGA-RU-A8FL"
"HALLMARK_E2F_TARGETS",-1.88656761539492,6.41129694195198e-06,35,5,"TCGA-AA-3844/TCGA-AA-3972/TCGA-AA-A02K/TCGA-AG-3584/TCGA-AZ-4682/TCGA-AZ-6606/TCGA-F5-6702/TCGA-RU-A8FL"
"HALLMARK_COMPLEMENT",-1.80013179651622,3.39110661474383e-05,35,5,"TCGA-AA-3844/TCGA-AA-3972/TCGA-AA-A02K/TCGA-AG-3584/TCGA-AZ-4682/TCGA-AZ-6606/TCGA-F5-6702/TCGA-RU-A8FL"
"HALLMARK_MYC_TARGETS_V1",-1.305584044762,0.0451487760002122,35,5,"TCGA-AA-3844/TCGA-AA-3972/TCGA-AA-A02K/TCGA-AG-3584/TCGA-AZ-4682/TCGA-AZ-6606/TCGA-F5-6702/TCGA-RU-A8FL"
"HALLMARK_INTERFERON_ALPHA_RESPONSE",-1.27975536105358,0.12131966259975,35,5,"TCGA-AA-3844/TCGA-AA-3972/TCGA-AA-A02K/TCGA-AG-3584/TCGA-AZ-4682/TCGA-AZ-6606/TCGA-F5-6702/TCGA-RU-A8FL"
"HALLMARK_CHOLESTEROL_HOMEOSTASIS",1.18410426011607,0.319077474249888,35,5,"TCGA-AA-3844/TCGA-AA-3972/TCGA-AA-A02K/TCGA-AG-3584/TCGA-AZ-4682/TCGA-AZ-6606/TCGA-F5-6702/TCGA-RU-A8FL"
"HALLMARK_E2F_TARGETS",-2.52129443402735,1.3291402245615e-14,36,3,"TCGA-AA-3680/TCGA-AA-3844/TCGA-AA-3972/TCGA-AG-3584/TCGA-AG-3999/TCGA-AZ-4684/TCGA-AZ-6606/TCGA-NH-A6GB"
"HALLMARK_G2M_CHECKPOINT",-2.56128926944942,1.3291402245615e-14,36,3,"TCGA-AA-3680/TCGA-AA-3844/TCGA-AA-3972/TCGA-AG-3584/TCGA-AG-3999/TCGA-AZ-4684/TCGA-AZ-6606/TCGA-NH-A6GB"
"HALLMARK_INTERFERON_GAMMA_RESPONSE",-1.99852474395286,7.92128332901674e-07,36,3,"TCGA-AA-3680/TCGA-AA-3844/TCGA-AA-3972/TCGA-AG-3584/TCGA-AG-3999/TCGA-AZ-4684/TCGA-AZ-6606/TCGA-NH-A6GB"
"HALLMARK_ALLOGRAFT_REJECTION",-1.89682855688672,2.21433751069308e-05,36,3,"TCGA-AA-3680/TCGA-AA-3844/TCGA-AA-3972/TCGA-AG-3584/TCGA-AG-3999/TCGA-AZ-4684/TCGA-AZ-6606/TCGA-NH-A6GB"
"HALLMARK_CHOLESTEROL_HOMEOSTASIS",1.78484230262394,0.00379658062553272,36,3,"TCGA-AA-3680/TCGA-AA-3844/TCGA-AA-3972/TCGA-AG-3584/TCGA-AG-3999/TCGA-AZ-4684/TCGA-AZ-6606/TCGA-NH-A6GB"
"HALLMARK_COMPLEMENT",-1.56279193163881,0.00548637809721781,36,3,"TCGA-AA-3680/TCGA-AA-3844/TCGA-AA-3972/TCGA-AG-3584/TCGA-AG-3999/TCGA-AZ-4684/TCGA-AZ-6606/TCGA-NH-A6GB"
"HALLMARK_INFLAMMATORY_RESPONSE",-1.47758642627471,0.00871465418190795,36,3,"TCGA-AA-3680/TCGA-AA-3844/TCGA-AA-3972/TCGA-AG-3584/TCGA-AG-3999/TCGA-AZ-4684/TCGA-AZ-6606/TCGA-NH-A6GB"
"HALLMARK_INTERFERON_ALPHA_RESPONSE",-1.56307173627032,0.0100375852227543,36,3,"TCGA-AA-3680/TCGA-AA-3844/TCGA-AA-3972/TCGA-AG-3584/TCGA-AG-3999/TCGA-AZ-4684/TCGA-AZ-6606/TCGA-NH-A6GB"
"HALLMARK_MYC_TARGETS_V1",-1.3346548109288,0.0344037916300368,36,3,"TCGA-AA-3680/TCGA-AA-3844/TCGA-AA-3972/TCGA-AG-3584/TCGA-AG-3999/TCGA-AZ-4684/TCGA-AZ-6606/TCGA-NH-A6GB"
"HALLMARK_INTERFERON_GAMMA_RESPONSE",-2.91147443341737,6.63993995718129e-22,37,5,"TCGA-AA-3680/TCGA-AA-3844/TCGA-AA-3930/TCGA-AA-3972/TCGA-AA-A02K/TCGA-AG-3999/TCGA-AG-A016/TCGA-RU-A8FL"
"HALLMARK_ALLOGRAFT_REJECTION",-2.69644427378006,7.57466381474902e-17,37,5,"TCGA-AA-3680/TCGA-AA-3844/TCGA-AA-3930/TCGA-AA-3972/TCGA-AA-A02K/TCGA-AG-3999/TCGA-AG-A016/TCGA-RU-A8FL"
"HALLMARK_COMPLEMENT",-2.43970587798431,2.30666721981023e-12,37,5,"TCGA-AA-3680/TCGA-AA-3844/TCGA-AA-3930/TCGA-AA-3972/TCGA-AA-A02K/TCGA-AG-3999/TCGA-AG-A016/TCGA-RU-A8FL"
"HALLMARK_INFLAMMATORY_RESPONSE",-2.263064214921,7.58237980597323e-10,37,5,"TCGA-AA-3680/TCGA-AA-3844/TCGA-AA-3930/TCGA-AA-3972/TCGA-AA-A02K/TCGA-AG-3999/TCGA-AG-A016/TCGA-RU-A8FL"
"HALLMARK_G2M_CHECKPOINT",-2.12310385364174,8.15080142859203e-09,37,5,"TCGA-AA-3680/TCGA-AA-3844/TCGA-AA-3930/TCGA-AA-3972/TCGA-AA-A02K/TCGA-AG-3999/TCGA-AG-A016/TCGA-RU-A8FL"
"HALLMARK_E2F_TARGETS",-1.94666079185655,2.93741588810935e-07,37,5,"TCGA-AA-3680/TCGA-AA-3844/TCGA-AA-3930/TCGA-AA-3972/TCGA-AA-A02K/TCGA-AG-3999/TCGA-AG-A016/TCGA-RU-A8FL"
"HALLMARK_INTERFERON_ALPHA_RESPONSE",-2.20891838389279,3.57391796584641e-07,37,5,"TCGA-AA-3680/TCGA-AA-3844/TCGA-AA-3930/TCGA-AA-3972/TCGA-AA-A02K/TCGA-AG-3999/TCGA-AG-A016/TCGA-RU-A8FL"
"HALLMARK_CHOLESTEROL_HOMEOSTASIS",1.20055026309784,0.276497695852535,37,5,"TCGA-AA-3680/TCGA-AA-3844/TCGA-AA-3930/TCGA-AA-3972/TCGA-AA-A02K/TCGA-AG-3999/TCGA-AG-A016/TCGA-RU-A8FL"
"HALLMARK_MYC_TARGETS_V1",-0.644931521130685,1,37,5,"TCGA-AA-3680/TCGA-AA-3844/TCGA-AA-3930/TCGA-AA-3972/TCGA-AA-A02K/TCGA-AG-3999/TCGA-AG-A016/TCGA-RU-A8FL"
"HALLMARK_ALLOGRAFT_REJECTION",2.30177549396914,1.80806492462766e-14,38,1,"TCGA-5M-AAT6/TCGA-AA-3930/TCGA-AD-6964/TCGA-AZ-4684/TCGA-AZ-6600/TCGA-CI-6620/TCGA-F5-6702/TCGA-NH-A6GB"
"HALLMARK_E2F_TARGETS",-2.45275997581949,4.62518384724699e-14,38,1,"TCGA-5M-AAT6/TCGA-AA-3930/TCGA-AD-6964/TCGA-AZ-4684/TCGA-AZ-6600/TCGA-CI-6620/TCGA-F5-6702/TCGA-NH-A6GB"
"HALLMARK_INFLAMMATORY_RESPONSE",2.16533579337215,8.87903565544415e-12,38,1,"TCGA-5M-AAT6/TCGA-AA-3930/TCGA-AD-6964/TCGA-AZ-4684/TCGA-AZ-6600/TCGA-CI-6620/TCGA-F5-6702/TCGA-NH-A6GB"
"HALLMARK_G2M_CHECKPOINT",-2.27605215204609,1.4755994813742e-11,38,1,"TCGA-5M-AAT6/TCGA-AA-3930/TCGA-AD-6964/TCGA-AZ-4684/TCGA-AZ-6600/TCGA-CI-6620/TCGA-F5-6702/TCGA-NH-A6GB"
"HALLMARK_COMPLEMENT",1.99314442674114,5.1180406535638e-08,38,1,"TCGA-5M-AAT6/TCGA-AA-3930/TCGA-AD-6964/TCGA-AZ-4684/TCGA-AZ-6600/TCGA-CI-6620/TCGA-F5-6702/TCGA-NH-A6GB"
"HALLMARK_INTERFERON_GAMMA_RESPONSE",1.73215492941428,2.705541236478e-05,38,1,"TCGA-5M-AAT6/TCGA-AA-3930/TCGA-AD-6964/TCGA-AZ-4684/TCGA-AZ-6600/TCGA-CI-6620/TCGA-F5-6702/TCGA-NH-A6GB"
"HALLMARK_CHOLESTEROL_HOMEOSTASIS",1.72572677728434,0.00267267899137735,38,1,"TCGA-5M-AAT6/TCGA-AA-3930/TCGA-AD-6964/TCGA-AZ-4684/TCGA-AZ-6600/TCGA-CI-6620/TCGA-F5-6702/TCGA-NH-A6GB"
"HALLMARK_MYC_TARGETS_V1",-1.44673869494408,0.00381336370246713,38,1,"TCGA-5M-AAT6/TCGA-AA-3930/TCGA-AD-6964/TCGA-AZ-4684/TCGA-AZ-6600/TCGA-CI-6620/TCGA-F5-6702/TCGA-NH-A6GB"
"HALLMARK_INTERFERON_ALPHA_RESPONSE",1.01471838622583,0.592105263157895,38,1,"TCGA-5M-AAT6/TCGA-AA-3930/TCGA-AD-6964/TCGA-AZ-4684/TCGA-AZ-6600/TCGA-CI-6620/TCGA-F5-6702/TCGA-NH-A6GB"
"HALLMARK_INTERFERON_GAMMA_RESPONSE",-2.69414483039453,5.78337224930991e-17,39,3,"TCGA-AA-3930/TCGA-AA-3972/TCGA-AG-3584/TCGA-AG-A016/TCGA-AZ-4684/TCGA-CI-6620/TCGA-F5-6702/TCGA-RU-A8FL"
"HALLMARK_ALLOGRAFT_REJECTION",-2.24984043042399,4.58601466559489e-09,39,3,"TCGA-AA-3930/TCGA-AA-3972/TCGA-AG-3584/TCGA-AG-A016/TCGA-AZ-4684/TCGA-CI-6620/TCGA-F5-6702/TCGA-RU-A8FL"
"HALLMARK_INTERFERON_ALPHA_RESPONSE",-2.30915119327867,1.79237235010262e-07,39,3,"TCGA-AA-3930/TCGA-AA-3972/TCGA-AG-3584/TCGA-AG-A016/TCGA-AZ-4684/TCGA-CI-6620/TCGA-F5-6702/TCGA-RU-A8FL"
"HALLMARK_CHOLESTEROL_HOMEOSTASIS",2.15862264919532,9.72219358055978e-06,39,3,"TCGA-AA-3930/TCGA-AA-3972/TCGA-AG-3584/TCGA-AG-A016/TCGA-AZ-4684/TCGA-CI-6620/TCGA-F5-6702/TCGA-RU-A8FL"
"HALLMARK_G2M_CHECKPOINT",-1.83499470553146,4.06751563765611e-05,39,3,"TCGA-AA-3930/TCGA-AA-3972/TCGA-AG-3584/TCGA-AG-A016/TCGA-AZ-4684/TCGA-CI-6620/TCGA-F5-6702/TCGA-RU-A8FL"
"HALLMARK_E2F_TARGETS",-1.67957372043187,0.000276271458003678,39,3,"TCGA-AA-3930/TCGA-AA-3972/TCGA-AG-3584/TCGA-AG-A016/TCGA-AZ-4684/TCGA-CI-6620/TCGA-F5-6702/TCGA-RU-A8FL"
"HALLMARK_INFLAMMATORY_RESPONSE",-1.5360374024017,0.00286653354224761,39,3,"TCGA-AA-3930/TCGA-AA-3972/TCGA-AG-3584/TCGA-AG-A016/TCGA-AZ-4684/TCGA-CI-6620/TCGA-F5-6702/TCGA-RU-A8FL"
"HALLMARK_COMPLEMENT",-1.56623253520313,0.00494461629210235,39,3,"TCGA-AA-3930/TCGA-AA-3972/TCGA-AG-3584/TCGA-AG-A016/TCGA-AZ-4684/TCGA-CI-6620/TCGA-F5-6702/TCGA-RU-A8FL"
"HALLMARK_MYC_TARGETS_V1",0.758060446715704,0.998439937597504,39,3,"TCGA-AA-3930/TCGA-AA-3972/TCGA-AG-3584/TCGA-AG-A016/TCGA-AZ-4684/TCGA-CI-6620/TCGA-F5-6702/TCGA-RU-A8FL"
"HALLMARK_INTERFERON_GAMMA_RESPONSE",-1.98976512758679,2.05640558921717e-06,40,3,"TCGA-AA-3680/TCGA-AA-3844/TCGA-AA-A02K/TCGA-AZ-4684/TCGA-AZ-6600/TCGA-AZ-6606/TCGA-CI-6620/TCGA-NH-A6GB"
"HALLMARK_ALLOGRAFT_REJECTION",-1.96476080323281,2.9424254003389e-06,40,3,"TCGA-AA-3680/TCGA-AA-3844/TCGA-AA-A02K/TCGA-AZ-4684/TCGA-AZ-6600/TCGA-AZ-6606/TCGA-CI-6620/TCGA-NH-A6GB"
"HALLMARK_CHOLESTEROL_HOMEOSTASIS",2.19913310887997,3.40914919756973e-06,40,3,"TCGA-AA-3680/TCGA-AA-3844/TCGA-AA-A02K/TCGA-AZ-4684/TCGA-AZ-6600/TCGA-AZ-6606/TCGA-CI-6620/TCGA-NH-A6GB"
"HALLMARK_E2F_TARGETS",-1.86222041912475,6.95909793426422e-06,40,3,"TCGA-AA-3680/TCGA-AA-3844/TCGA-AA-A02K/TCGA-AZ-4684/TCGA-AZ-6600/TCGA-AZ-6606/TCGA-CI-6620/TCGA-NH-A6GB"
"HALLMARK_COMPLEMENT",-1.74619654465748,0.000372852599864667,40,3,"TCGA-AA-3680/TCGA-AA-3844/TCGA-AA-A02K/TCGA-AZ-4684/TCGA-AZ-6600/TCGA-AZ-6606/TCGA-CI-6620/TCGA-NH-A6GB"
"HALLMARK_G2M_CHECKPOINT",-1.66743065382033,0.00106728942291423,40,3,"TCGA-AA-3680/TCGA-AA-3844/TCGA-AA-A02K/TCGA-AZ-4684/TCGA-AZ-6600/TCGA-AZ-6606/TCGA-CI-6620/TCGA-NH-A6GB"
"HALLMARK_INFLAMMATORY_RESPONSE",-1.41482356998111,0.0285697980264706,40,3,"TCGA-AA-3680/TCGA-AA-3844/TCGA-AA-A02K/TCGA-AZ-4684/TCGA-AZ-6600/TCGA-AZ-6606/TCGA-CI-6620/TCGA-NH-A6GB"
"HALLMARK_INTERFERON_ALPHA_RESPONSE",-1.48907279856849,0.0285697980264706,40,3,"TCGA-AA-3680/TCGA-AA-3844/TCGA-AA-A02K/TCGA-AZ-4684/TCGA-AZ-6600/TCGA-AZ-6606/TCGA-CI-6620/TCGA-NH-A6GB"
"HALLMARK_MYC_TARGETS_V1",-1.15743304981342,0.241486068111455,40,3,"TCGA-AA-3680/TCGA-AA-3844/TCGA-AA-A02K/TCGA-AZ-4684/TCGA-AZ-6600/TCGA-AZ-6606/TCGA-CI-6620/TCGA-NH-A6GB"
"HALLMARK_ALLOGRAFT_REJECTION",-3.02021906103374,1.34021780804608e-23,41,4,"TCGA-AA-3972/TCGA-AA-A02K/TCGA-AG-3584/TCGA-AG-3999/TCGA-AZ-6606/TCGA-F5-6702/TCGA-NH-A6GA/TCGA-RU-A8FL"
"HALLMARK_E2F_TARGETS",-2.83350164559626,4.67721574936981e-20,41,4,"TCGA-AA-3972/TCGA-AA-A02K/TCGA-AG-3584/TCGA-AG-3999/TCGA-AZ-6606/TCGA-F5-6702/TCGA-NH-A6GA/TCGA-RU-A8FL"
"HALLMARK_INTERFERON_GAMMA_RESPONSE",-2.74316548363558,2.29161133789799e-18,41,4,"TCGA-AA-3972/TCGA-AA-A02K/TCGA-AG-3584/TCGA-AG-3999/TCGA-AZ-6606/TCGA-F5-6702/TCGA-NH-A6GA/TCGA-RU-A8FL"
"HALLMARK_G2M_CHECKPOINT",-2.53666684303463,2.03431678042098e-14,41,4,"TCGA-AA-3972/TCGA-AA-A02K/TCGA-AG-3584/TCGA-AG-3999/TCGA-AZ-6606/TCGA-F5-6702/TCGA-NH-A6GA/TCGA-RU-A8FL"
"HALLMARK_MYC_TARGETS_V1",-2.43845553893407,3.46479893892591e-13,41,4,"TCGA-AA-3972/TCGA-AA-A02K/TCGA-AG-3584/TCGA-AG-3999/TCGA-AZ-6606/TCGA-F5-6702/TCGA-NH-A6GA/TCGA-RU-A8FL"
"HALLMARK_INFLAMMATORY_RESPONSE",-2.38917846985853,1.03030075987504e-11,41,4,"TCGA-AA-3972/TCGA-AA-A02K/TCGA-AG-3584/TCGA-AG-3999/TCGA-AZ-6606/TCGA-F5-6702/TCGA-NH-A6GA/TCGA-RU-A8FL"
"HALLMARK_COMPLEMENT",-2.08838723128562,8.24598465972883e-08,41,4,"TCGA-AA-3972/TCGA-AA-A02K/TCGA-AG-3584/TCGA-AG-3999/TCGA-AZ-6606/TCGA-F5-6702/TCGA-NH-A6GA/TCGA-RU-A8FL"
"HALLMARK_INTERFERON_ALPHA_RESPONSE",-1.66503755868375,0.0026504504361317,41,4,"TCGA-AA-3972/TCGA-AA-A02K/TCGA-AG-3584/TCGA-AG-3999/TCGA-AZ-6606/TCGA-F5-6702/TCGA-NH-A6GA/TCGA-RU-A8FL"
"HALLMARK_CHOLESTEROL_HOMEOSTASIS",1.29138978352493,0.182215743440233,41,4,"TCGA-AA-3972/TCGA-AA-A02K/TCGA-AG-3584/TCGA-AG-3999/TCGA-AZ-6606/TCGA-F5-6702/TCGA-NH-A6GA/TCGA-RU-A8FL"
"HALLMARK_CHOLESTEROL_HOMEOSTASIS",2.07371886758855,0.00012404728723896,42,2,"TCGA-5M-AAT6/TCGA-AA-3930/TCGA-AA-A02K/TCGA-AG-3999/TCGA-AZ-4682/TCGA-AZ-4684/TCGA-AZ-6606/TCGA-CI-6620"
"HALLMARK_ALLOGRAFT_REJECTION",-1.65054782598179,0.00204407846891254,42,2,"TCGA-5M-AAT6/TCGA-AA-3930/TCGA-AA-A02K/TCGA-AG-3999/TCGA-AZ-4682/TCGA-AZ-4684/TCGA-AZ-6606/TCGA-CI-6620"
"HALLMARK_MYC_TARGETS_V1",1.65924116543496,0.00298498801101655,42,2,"TCGA-5M-AAT6/TCGA-AA-3930/TCGA-AA-A02K/TCGA-AG-3999/TCGA-AZ-4682/TCGA-AZ-4684/TCGA-AZ-6606/TCGA-CI-6620"
"HALLMARK_COMPLEMENT",-1.52911699776357,0.00700234430488441,42,2,"TCGA-5M-AAT6/TCGA-AA-3930/TCGA-AA-A02K/TCGA-AG-3999/TCGA-AZ-4682/TCGA-AZ-4684/TCGA-AZ-6606/TCGA-CI-6620"
"HALLMARK_INTERFERON_GAMMA_RESPONSE",-1.4894951938251,0.00700234430488441,42,2,"TCGA-5M-AAT6/TCGA-AA-3930/TCGA-AA-A02K/TCGA-AG-3999/TCGA-AZ-4682/TCGA-AZ-4684/TCGA-AZ-6606/TCGA-CI-6620"
"HALLMARK_G2M_CHECKPOINT",-1.37753183680355,0.015697280379623,42,2,"TCGA-5M-AAT6/TCGA-AA-3930/TCGA-AA-A02K/TCGA-AG-3999/TCGA-AZ-4682/TCGA-AZ-4684/TCGA-AZ-6606/TCGA-CI-6620"
"HALLMARK_E2F_TARGETS",-1.18730698649081,0.113531267845977,42,2,"TCGA-5M-AAT6/TCGA-AA-3930/TCGA-AA-A02K/TCGA-AG-3999/TCGA-AZ-4682/TCGA-AZ-4684/TCGA-AZ-6606/TCGA-CI-6620"
"HALLMARK_INFLAMMATORY_RESPONSE",0.858066457556614,0.856481481481482,42,2,"TCGA-5M-AAT6/TCGA-AA-3930/TCGA-AA-A02K/TCGA-AG-3999/TCGA-AZ-4682/TCGA-AZ-4684/TCGA-AZ-6606/TCGA-CI-6620"
"HALLMARK_INTERFERON_ALPHA_RESPONSE",0.70601794488222,0.951456310679612,42,2,"TCGA-5M-AAT6/TCGA-AA-3930/TCGA-AA-A02K/TCGA-AG-3999/TCGA-AZ-4682/TCGA-AZ-4684/TCGA-AZ-6606/TCGA-CI-6620"
"HALLMARK_E2F_TARGETS",-2.94635753474947,3.2511983315889e-24,43,1,"TCGA-AA-3680/TCGA-AA-3930/TCGA-AG-3584/TCGA-AZ-4684/TCGA-AZ-6606/TCGA-CI-6620/TCGA-F5-6702/TCGA-NH-A6GA"
"HALLMARK_G2M_CHECKPOINT",-2.57070410406146,1.88390728728153e-15,43,1,"TCGA-AA-3680/TCGA-AA-3930/TCGA-AG-3584/TCGA-AZ-4684/TCGA-AZ-6606/TCGA-CI-6620/TCGA-F5-6702/TCGA-NH-A6GA"
"HALLMARK_MYC_TARGETS_V1",-2.23940848120149,4.07494124916527e-10,43,1,"TCGA-AA-3680/TCGA-AA-3930/TCGA-AG-3584/TCGA-AZ-4684/TCGA-AZ-6606/TCGA-CI-6620/TCGA-F5-6702/TCGA-NH-A6GA"
"HALLMARK_INTERFERON_GAMMA_RESPONSE",-1.75881924197515,2.47272960676771e-05,43,1,"TCGA-AA-3680/TCGA-AA-3930/TCGA-AG-3584/TCGA-AZ-4684/TCGA-AZ-6606/TCGA-CI-6620/TCGA-F5-6702/TCGA-NH-A6GA"
"HALLMARK_ALLOGRAFT_REJECTION",-1.56860705347624,0.00157172794658545,43,1,"TCGA-AA-3680/TCGA-AA-3930/TCGA-AG-3584/TCGA-AZ-4684/TCGA-AZ-6606/TCGA-CI-6620/TCGA-F5-6702/TCGA-NH-A6GA"
"HALLMARK_CHOLESTEROL_HOMEOSTASIS",1.75459295834448,0.00341570734615783,43,1,"TCGA-AA-3680/TCGA-AA-3930/TCGA-AG-3584/TCGA-AZ-4684/TCGA-AZ-6606/TCGA-CI-6620/TCGA-F5-6702/TCGA-NH-A6GA"
"HALLMARK_INTERFERON_ALPHA_RESPONSE",-1.56256241255327,0.00741931909526002,43,1,"TCGA-AA-3680/TCGA-AA-3930/TCGA-AG-3584/TCGA-AZ-4684/TCGA-AZ-6606/TCGA-CI-6620/TCGA-F5-6702/TCGA-NH-A6GA"
"HALLMARK_COMPLEMENT",-0.992912805471424,0.561417748917749,43,1,"TCGA-AA-3680/TCGA-AA-3930/TCGA-AG-3584/TCGA-AZ-4684/TCGA-AZ-6606/TCGA-CI-6620/TCGA-F5-6702/TCGA-NH-A6GA"
"HALLMARK_INFLAMMATORY_RESPONSE",-0.902188093994301,0.822851769131304,43,1,"TCGA-AA-3680/TCGA-AA-3930/TCGA-AG-3584/TCGA-AZ-4684/TCGA-AZ-6606/TCGA-CI-6620/TCGA-F5-6702/TCGA-NH-A6GA"
"HALLMARK_G2M_CHECKPOINT",-2.52448068201893,1.23626839358342e-13,44,3,"TCGA-AA-3680/TCGA-AA-3844/TCGA-AD-6964/TCGA-AG-3584/TCGA-AG-3999/TCGA-AZ-4682/TCGA-AZ-6606/TCGA-RU-A8FL"
"HALLMARK_E2F_TARGETS",-2.43693401500167,1.86853161751541e-13,44,3,"TCGA-AA-3680/TCGA-AA-3844/TCGA-AD-6964/TCGA-AG-3584/TCGA-AG-3999/TCGA-AZ-4682/TCGA-AZ-6606/TCGA-RU-A8FL"
"HALLMARK_INTERFERON_GAMMA_RESPONSE",-1.9563267491254,1.25698975586985e-06,44,3,"TCGA-AA-3680/TCGA-AA-3844/TCGA-AD-6964/TCGA-AG-3584/TCGA-AG-3999/TCGA-AZ-4682/TCGA-AZ-6606/TCGA-RU-A8FL"
"HALLMARK_INFLAMMATORY_RESPONSE",-1.70964754744415,0.000245665230844275,44,3,"TCGA-AA-3680/TCGA-AA-3844/TCGA-AD-6964/TCGA-AG-3584/TCGA-AG-3999/TCGA-AZ-4682/TCGA-AZ-6606/TCGA-RU-A8FL"
"HALLMARK_COMPLEMENT",-1.5070304382653,0.0113892386867196,44,3,"TCGA-AA-3680/TCGA-AA-3844/TCGA-AD-6964/TCGA-AG-3584/TCGA-AG-3999/TCGA-AZ-4682/TCGA-AZ-6606/TCGA-RU-A8FL"
"HALLMARK_INTERFERON_ALPHA_RESPONSE",-1.52652037579355,0.0180285628018624,44,3,"TCGA-AA-3680/TCGA-AA-3844/TCGA-AD-6964/TCGA-AG-3584/TCGA-AG-3999/TCGA-AZ-4682/TCGA-AZ-6606/TCGA-RU-A8FL"
"HALLMARK_MYC_TARGETS_V1",-1.38888403308238,0.0230269899675503,44,3,"TCGA-AA-3680/TCGA-AA-3844/TCGA-AD-6964/TCGA-AG-3584/TCGA-AG-3999/TCGA-AZ-4682/TCGA-AZ-6606/TCGA-RU-A8FL"
"HALLMARK_ALLOGRAFT_REJECTION",-1.39594068189301,0.0337455663024945,44,3,"TCGA-AA-3680/TCGA-AA-3844/TCGA-AD-6964/TCGA-AG-3584/TCGA-AG-3999/TCGA-AZ-4682/TCGA-AZ-6606/TCGA-RU-A8FL"
"HALLMARK_CHOLESTEROL_HOMEOSTASIS",1.17634044865351,0.281171615826523,44,3,"TCGA-AA-3680/TCGA-AA-3844/TCGA-AD-6964/TCGA-AG-3584/TCGA-AG-3999/TCGA-AZ-4682/TCGA-AZ-6606/TCGA-RU-A8FL"
"HALLMARK_INTERFERON_GAMMA_RESPONSE",-2.35467718667095,4.08129971674165e-11,45,4,"TCGA-5M-AAT6/TCGA-AA-3972/TCGA-AG-3584/TCGA-AG-A016/TCGA-AZ-4684/TCGA-CI-6620/TCGA-NH-A6GB/TCGA-RU-A8FL"
"HALLMARK_CHOLESTEROL_HOMEOSTASIS",2.14173618123508,1.05668414013637e-05,45,4,"TCGA-5M-AAT6/TCGA-AA-3972/TCGA-AG-3584/TCGA-AG-A016/TCGA-AZ-4684/TCGA-CI-6620/TCGA-NH-A6GB/TCGA-RU-A8FL"
"HALLMARK_ALLOGRAFT_REJECTION",-1.95463088316875,1.19993233334852e-05,45,4,"TCGA-5M-AAT6/TCGA-AA-3972/TCGA-AG-3584/TCGA-AG-A016/TCGA-AZ-4684/TCGA-CI-6620/TCGA-NH-A6GB/TCGA-RU-A8FL"
"HALLMARK_INTERFERON_ALPHA_RESPONSE",-1.97217653850033,0.000181066907746821,45,4,"TCGA-5M-AAT6/TCGA-AA-3972/TCGA-AG-3584/TCGA-AG-A016/TCGA-AZ-4684/TCGA-CI-6620/TCGA-NH-A6GB/TCGA-RU-A8FL"
"HALLMARK_COMPLEMENT",-1.51052749884855,0.00608113530147217,45,4,"TCGA-5M-AAT6/TCGA-AA-3972/TCGA-AG-3584/TCGA-AG-A016/TCGA-AZ-4684/TCGA-CI-6620/TCGA-NH-A6GB/TCGA-RU-A8FL"
"HALLMARK_INFLAMMATORY_RESPONSE",-1.49942696465598,0.0098177813874827,45,4,"TCGA-5M-AAT6/TCGA-AA-3972/TCGA-AG-3584/TCGA-AG-A016/TCGA-AZ-4684/TCGA-CI-6620/TCGA-NH-A6GB/TCGA-RU-A8FL"
"HALLMARK_G2M_CHECKPOINT",-1.34611444957064,0.0328950407215759,45,4,"TCGA-5M-AAT6/TCGA-AA-3972/TCGA-AG-3584/TCGA-AG-A016/TCGA-AZ-4684/TCGA-CI-6620/TCGA-NH-A6GB/TCGA-RU-A8FL"
"HALLMARK_MYC_TARGETS_V1",0.773482214502538,0.991709183673469,45,4,"TCGA-5M-AAT6/TCGA-AA-3972/TCGA-AG-3584/TCGA-AG-A016/TCGA-AZ-4684/TCGA-CI-6620/TCGA-NH-A6GB/TCGA-RU-A8FL"
"HALLMARK_E2F_TARGETS",-0.764339569466251,0.993827160493827,45,4,"TCGA-5M-AAT6/TCGA-AA-3972/TCGA-AG-3584/TCGA-AG-A016/TCGA-AZ-4684/TCGA-CI-6620/TCGA-NH-A6GB/TCGA-RU-A8FL"
"HALLMARK_E2F_TARGETS",-2.98597899974244,6.97738653901528e-25,46,4,"TCGA-AA-3680/TCGA-AA-3972/TCGA-AD-6964/TCGA-AG-A016/TCGA-CI-6620/TCGA-F5-6702/TCGA-NH-A6GA/TCGA-RU-A8FL"
"HALLMARK_INTERFERON_GAMMA_RESPONSE",-2.75122465720578,1.55534779413733e-19,46,4,"TCGA-AA-3680/TCGA-AA-3972/TCGA-AD-6964/TCGA-AG-A016/TCGA-CI-6620/TCGA-F5-6702/TCGA-NH-A6GA/TCGA-RU-A8FL"
"HALLMARK_G2M_CHECKPOINT",-2.64084414426262,1.48065558981997e-16,46,4,"TCGA-AA-3680/TCGA-AA-3972/TCGA-AD-6964/TCGA-AG-A016/TCGA-CI-6620/TCGA-F5-6702/TCGA-NH-A6GA/TCGA-RU-A8FL"
"HALLMARK_MYC_TARGETS_V1",-2.60186321545814,2.0297706554407e-16,46,4,"TCGA-AA-3680/TCGA-AA-3972/TCGA-AD-6964/TCGA-AG-A016/TCGA-CI-6620/TCGA-F5-6702/TCGA-NH-A6GA/TCGA-RU-A8FL"
"HALLMARK_INTERFERON_ALPHA_RESPONSE",-2.57556647225441,4.8344756286209e-11,46,4,"TCGA-AA-3680/TCGA-AA-3972/TCGA-AD-6964/TCGA-AG-A016/TCGA-CI-6620/TCGA-F5-6702/TCGA-NH-A6GA/TCGA-RU-A8FL"
"HALLMARK_ALLOGRAFT_REJECTION",-1.95865128493154,8.42231726724277e-07,46,4,"TCGA-AA-3680/TCGA-AA-3972/TCGA-AD-6964/TCGA-AG-A016/TCGA-CI-6620/TCGA-F5-6702/TCGA-NH-A6GA/TCGA-RU-A8FL"
"HALLMARK_INFLAMMATORY_RESPONSE",-1.66542011664212,0.000106997037027472,46,4,"TCGA-AA-3680/TCGA-AA-3972/TCGA-AD-6964/TCGA-AG-A016/TCGA-CI-6620/TCGA-F5-6702/TCGA-NH-A6GA/TCGA-RU-A8FL"
"HALLMARK_COMPLEMENT",-1.40786190429633,0.0225980866146836,46,4,"TCGA-AA-3680/TCGA-AA-3972/TCGA-AD-6964/TCGA-AG-A016/TCGA-CI-6620/TCGA-F5-6702/TCGA-NH-A6GA/TCGA-RU-A8FL"
"HALLMARK_CHOLESTEROL_HOMEOSTASIS",1.09805062461408,0.42050537100042,46,4,"TCGA-AA-3680/TCGA-AA-3972/TCGA-AD-6964/TCGA-AG-A016/TCGA-CI-6620/TCGA-F5-6702/TCGA-NH-A6GA/TCGA-RU-A8FL"
"HALLMARK_G2M_CHECKPOINT",-1.72529664690414,0.000268619419659236,47,3,"TCGA-5M-AAT6/TCGA-AA-3844/TCGA-AA-3930/TCGA-AG-3584/TCGA-AG-3999/TCGA-AZ-4682/TCGA-AZ-6606/TCGA-NH-A6GB"
"HALLMARK_E2F_TARGETS",-1.33836990543638,0.0475662628010644,47,3,"TCGA-5M-AAT6/TCGA-AA-3844/TCGA-AA-3930/TCGA-AG-3584/TCGA-AG-3999/TCGA-AZ-4682/TCGA-AZ-6606/TCGA-NH-A6GB"
"HALLMARK_CHOLESTEROL_HOMEOSTASIS",1.53078098388268,0.061431836349745,47,3,"TCGA-5M-AAT6/TCGA-AA-3844/TCGA-AA-3930/TCGA-AG-3584/TCGA-AG-3999/TCGA-AZ-4682/TCGA-AZ-6606/TCGA-NH-A6GB"
"HALLMARK_COMPLEMENT",-1.28286409909066,0.120139307213776,47,3,"TCGA-5M-AAT6/TCGA-AA-3844/TCGA-AA-3930/TCGA-AG-3584/TCGA-AG-3999/TCGA-AZ-4682/TCGA-AZ-6606/TCGA-NH-A6GB"
"HALLMARK_MYC_TARGETS_V1",1.29701705596237,0.131032976632453,47,3,"TCGA-5M-AAT6/TCGA-AA-3844/TCGA-AA-3930/TCGA-AG-3584/TCGA-AG-3999/TCGA-AZ-4682/TCGA-AZ-6606/TCGA-NH-A6GB"
"HALLMARK_INFLAMMATORY_RESPONSE",-1.07996757069832,0.448006057546694,47,3,"TCGA-5M-AAT6/TCGA-AA-3844/TCGA-AA-3930/TCGA-AG-3584/TCGA-AG-3999/TCGA-AZ-4682/TCGA-AZ-6606/TCGA-NH-A6GB"
"HALLMARK_INTERFERON_ALPHA_RESPONSE",1.07071552894821,0.49618320610687,47,3,"TCGA-5M-AAT6/TCGA-AA-3844/TCGA-AA-3930/TCGA-AG-3584/TCGA-AG-3999/TCGA-AZ-4682/TCGA-AZ-6606/TCGA-NH-A6GB"
"HALLMARK_INTERFERON_GAMMA_RESPONSE",-1.01659384739952,0.580658783783784,47,3,"TCGA-5M-AAT6/TCGA-AA-3844/TCGA-AA-3930/TCGA-AG-3584/TCGA-AG-3999/TCGA-AZ-4682/TCGA-AZ-6606/TCGA-NH-A6GB"
"HALLMARK_ALLOGRAFT_REJECTION",-0.838750108730609,0.96301775147929,47,3,"TCGA-5M-AAT6/TCGA-AA-3844/TCGA-AA-3930/TCGA-AG-3584/TCGA-AG-3999/TCGA-AZ-4682/TCGA-AZ-6606/TCGA-NH-A6GB"
"HALLMARK_E2F_TARGETS",-2.13049406408213,4.92756856533953e-08,48,2,"TCGA-5M-AAT6/TCGA-AA-3680/TCGA-AG-3999/TCGA-AZ-4682/TCGA-AZ-4684/TCGA-AZ-6606/TCGA-CI-6620/TCGA-NH-A6GB"
"HALLMARK_G2M_CHECKPOINT",-2.06986061731054,1.15380635920193e-07,48,2,"TCGA-5M-AAT6/TCGA-AA-3680/TCGA-AG-3999/TCGA-AZ-4682/TCGA-AZ-4684/TCGA-AZ-6606/TCGA-CI-6620/TCGA-NH-A6GB"
"HALLMARK_INTERFERON_GAMMA_RESPONSE",-2.05152120810129,3.5982374168535e-07,48,2,"TCGA-5M-AAT6/TCGA-AA-3680/TCGA-AG-3999/TCGA-AZ-4682/TCGA-AZ-4684/TCGA-AZ-6606/TCGA-CI-6620/TCGA-NH-A6GB"
"HALLMARK_CHOLESTEROL_HOMEOSTASIS",2.05015738453219,3.40272007117716e-05,48,2,"TCGA-5M-AAT6/TCGA-AA-3680/TCGA-AG-3999/TCGA-AZ-4682/TCGA-AZ-4684/TCGA-AZ-6606/TCGA-CI-6620/TCGA-NH-A6GB"
"HALLMARK_INTERFERON_ALPHA_RESPONSE",-1.73546929174923,0.00334121697565725,48,2,"TCGA-5M-AAT6/TCGA-AA-3680/TCGA-AG-3999/TCGA-AZ-4682/TCGA-AZ-4684/TCGA-AZ-6606/TCGA-CI-6620/TCGA-NH-A6GB"
"HALLMARK_ALLOGRAFT_REJECTION",-1.37237872233807,0.028007162678242,48,2,"TCGA-5M-AAT6/TCGA-AA-3680/TCGA-AG-3999/TCGA-AZ-4682/TCGA-AZ-4684/TCGA-AZ-6606/TCGA-CI-6620/TCGA-NH-A6GB"
"HALLMARK_COMPLEMENT",-1.39838925916957,0.028007162678242,48,2,"TCGA-5M-AAT6/TCGA-AA-3680/TCGA-AG-3999/TCGA-AZ-4682/TCGA-AZ-4684/TCGA-AZ-6606/TCGA-CI-6620/TCGA-NH-A6GB"
"HALLMARK_INFLAMMATORY_RESPONSE",-1.15590484079428,0.247371675943105,48,2,"TCGA-5M-AAT6/TCGA-AA-3680/TCGA-AG-3999/TCGA-AZ-4682/TCGA-AZ-4684/TCGA-AZ-6606/TCGA-CI-6620/TCGA-NH-A6GB"
"HALLMARK_MYC_TARGETS_V1",0.731708263577263,1,48,2,"TCGA-5M-AAT6/TCGA-AA-3680/TCGA-AG-3999/TCGA-AZ-4682/TCGA-AZ-4684/TCGA-AZ-6606/TCGA-CI-6620/TCGA-NH-A6GB"
"HALLMARK_ALLOGRAFT_REJECTION",-2.77529182248425,3.43583416944105e-17,49,5,"TCGA-AA-3844/TCGA-AA-3972/TCGA-AA-A02K/TCGA-AG-A016/TCGA-AZ-4684/TCGA-AZ-6600/TCGA-AZ-6606/TCGA-NH-A6GA"
"HALLMARK_INTERFERON_GAMMA_RESPONSE",-2.31202287020507,8.03590165746798e-11,49,5,"TCGA-AA-3844/TCGA-AA-3972/TCGA-AA-A02K/TCGA-AG-A016/TCGA-AZ-4684/TCGA-AZ-6600/TCGA-AZ-6606/TCGA-NH-A6GA"
"HALLMARK_G2M_CHECKPOINT",-2.09886992679147,2.76922154781918e-08,49,5,"TCGA-AA-3844/TCGA-AA-3972/TCGA-AA-A02K/TCGA-AG-A016/TCGA-AZ-4684/TCGA-AZ-6600/TCGA-AZ-6606/TCGA-NH-A6GA"
"HALLMARK_E2F_TARGETS",-2.09081629330082,3.12798051267257e-08,49,5,"TCGA-AA-3844/TCGA-AA-3972/TCGA-AA-A02K/TCGA-AG-A016/TCGA-AZ-4684/TCGA-AZ-6600/TCGA-AZ-6606/TCGA-NH-A6GA"
"HALLMARK_COMPLEMENT",-1.92968499084331,9.26639131644364e-06,49,5,"TCGA-AA-3844/TCGA-AA-3972/TCGA-AA-A02K/TCGA-AG-A016/TCGA-AZ-4684/TCGA-AZ-6600/TCGA-AZ-6606/TCGA-NH-A6GA"
"HALLMARK_CHOLESTEROL_HOMEOSTASIS",2.11695042138164,1.49418789709402e-05,49,5,"TCGA-AA-3844/TCGA-AA-3972/TCGA-AA-A02K/TCGA-AG-A016/TCGA-AZ-4684/TCGA-AZ-6600/TCGA-AZ-6606/TCGA-NH-A6GA"
"HALLMARK_INFLAMMATORY_RESPONSE",-1.8278768380828,2.45044162375985e-05,49,5,"TCGA-AA-3844/TCGA-AA-3972/TCGA-AA-A02K/TCGA-AG-A016/TCGA-AZ-4684/TCGA-AZ-6600/TCGA-AZ-6606/TCGA-NH-A6GA"
"HALLMARK_INTERFERON_ALPHA_RESPONSE",-1.51583769462584,0.0136121321655424,49,5,"TCGA-AA-3844/TCGA-AA-3972/TCGA-AA-A02K/TCGA-AG-A016/TCGA-AZ-4684/TCGA-AZ-6600/TCGA-AZ-6606/TCGA-NH-A6GA"
"HALLMARK_MYC_TARGETS_V1",-1.27067495240278,0.0431959422305319,49,5,"TCGA-AA-3844/TCGA-AA-3972/TCGA-AA-A02K/TCGA-AG-A016/TCGA-AZ-4684/TCGA-AZ-6600/TCGA-AZ-6606/TCGA-NH-A6GA"
"HALLMARK_G2M_CHECKPOINT",-2.31776136054108,8.28376166251621e-11,50,5,"TCGA-AA-3844/TCGA-AA-3930/TCGA-AA-A02K/TCGA-AD-6964/TCGA-AG-A016/TCGA-AZ-4682/TCGA-F5-6702/TCGA-RU-A8FL"
"HALLMARK_E2F_TARGETS",-1.97692343441999,4.66354923458348e-07,50,5,"TCGA-AA-3844/TCGA-AA-3930/TCGA-AA-A02K/TCGA-AD-6964/TCGA-AG-A016/TCGA-AZ-4682/TCGA-F5-6702/TCGA-RU-A8FL"
"HALLMARK_INTERFERON_GAMMA_RESPONSE",-1.70499210072203,0.000463560670654569,50,5,"TCGA-AA-3844/TCGA-AA-3930/TCGA-AA-A02K/TCGA-AD-6964/TCGA-AG-A016/TCGA-AZ-4682/TCGA-F5-6702/TCGA-RU-A8FL"
"HALLMARK_INTERFERON_ALPHA_RESPONSE",-1.54223824097897,0.0273398567510564,50,5,"TCGA-AA-3844/TCGA-AA-3930/TCGA-AA-A02K/TCGA-AD-6964/TCGA-AG-A016/TCGA-AZ-4682/TCGA-F5-6702/TCGA-RU-A8FL"
"HALLMARK_ALLOGRAFT_REJECTION",-1.35195899005019,0.0443281653355297,50,5,"TCGA-AA-3844/TCGA-AA-3930/TCGA-AA-A02K/TCGA-AD-6964/TCGA-AG-A016/TCGA-AZ-4682/TCGA-F5-6702/TCGA-RU-A8FL"
"HALLMARK_CHOLESTEROL_HOMEOSTASIS",1.46164866173425,0.0757559946120549,50,5,"TCGA-AA-3844/TCGA-AA-3930/TCGA-AA-A02K/TCGA-AD-6964/TCGA-AG-A016/TCGA-AZ-4682/TCGA-F5-6702/TCGA-RU-A8FL"
"HALLMARK_INFLAMMATORY_RESPONSE",-1.16347999595111,0.192596655491132,50,5,"TCGA-AA-3844/TCGA-AA-3930/TCGA-AA-A02K/TCGA-AD-6964/TCGA-AG-A016/TCGA-AZ-4682/TCGA-F5-6702/TCGA-RU-A8FL"
"HALLMARK_COMPLEMENT",-1.21237759409295,0.204280170834249,50,5,"TCGA-AA-3844/TCGA-AA-3930/TCGA-AA-A02K/TCGA-AD-6964/TCGA-AG-A016/TCGA-AZ-4682/TCGA-F5-6702/TCGA-RU-A8FL"
"HALLMARK_MYC_TARGETS_V1",-0.869715973166704,0.968553459119497,50,5,"TCGA-AA-3844/TCGA-AA-3930/TCGA-AA-A02K/TCGA-AD-6964/TCGA-AG-A016/TCGA-AZ-4682/TCGA-F5-6702/TCGA-RU-A8FL"
