"pathway","pval","padj","log2err","ES","NES","size","leadingEdge"
"HALLMARK_INTERFERON_GAMMA_RESPONSE",6.37865038738514e-26,3.18932519369257e-24,1.31888879607587,-0.584214057286581,-2.94084314525488,191,"TNFAIP2/VCAM1/CFH/IFIT3/FCGR1A/RIPK2/CD274/SECTM1/SAMD9L/CIITA/ST8SIA4/HERC6/LCP2/CMKLR1/USP18/GBP4/CCL5/GZMA/MT2A/WARS1/STAT1/CD86/RSAD2/IFIT2/HLA-DQA1/OAS2/STAT2/HLA-DMA/MX1/SLAMF7/MARCHF1/BANK1/IFI44L/DDX60/IFIT1/SERPING1/CSF2RB/XAF1/LATS2/P2RY14/SELP/BST2/HLA-DRB1/SOD2/ADAR/TNFAIP6/LY6E/FGL2/SAMHD1/SSPN/IL10RA/HIF1A/NFKBIA/IL2RB/IFI44/SOCS3/CMPK2/ST3GAL5/C1S/CD38/PSME2/CXCL9/PTGS2/MX2/IRF8/ICAM1/CD74/ARID5B/FPR1/STAT4/CD69/TRIM14/SP110/PARP14/BPGM/C1R/JAK2/IDO1/OAS3/SPPL2A/PELI1/TOR1B/PIM1/IRF4/APOL6/EIF2AK2/IRF7/MTHFD2/TXNIP/UPP1/PLSCR1"
"HALLMARK_EPITHELIAL_MESENCHYMAL_TRANSITION",1.926611997672e-25,4.81652999418001e-24,1.31101476274061,-0.582933454655267,-2.94015442260728,196,"FGF2/VEGFC/ADAM12/GAS1/VCAM1/POSTN/COL11A1/EDIL3/SERPINE1/GJA1/THBS1/HTRA1/CCN1/COL3A1/COL5A2/MXRA5/GREM1/COL5A1/COL8A2/WIPF1/NNMT/MMP2/COL6A3/PRRX1/COL5A3/COL12A1/GEM/VCAN/COL1A1/COL1A2/LRRC15/NOTCH2/INHBA/LOX/SPARC/COL4A1/SPP1/VIM/ECM2/DPYSL3/CCN2/COL4A2/ABI3BP/THBS2/ITGA5/CAP2/SFRP4/MSX1/FAP/LUM/COPA/FBN1/TIMP3/CDH11/FERMT2/SGCD/CDH2/FN1/BASP1/CXCL8/MMP14/CALD1/FSTL3/DCN/SNAI2/TNC/ITGB1/CALU/ITGAV/GADD45B/MFAP5/MGP/CXCL12/FSTL1/FBLN5/PDGFRB/COL16A1/CTHRC1/GPC1/BGN/NTM/SPOCK1/COL7A1/OXTR/SLIT2/PDLIM4/NID2/PCOLCE2/LAMC1/COL6A2/LOXL2/DKK1/LAMA2/MYLK/MMP1/RGS4/CXCL6/CADM1"
"HALLMARK_ALLOGRAFT_REJECTION",7.57497639746917e-19,1.26249606624486e-17,1.12391496374483,-0.550248400088105,-2.75263847444081,177,"BCAT1/LCK/HLA-DOA/SRGN/FYB1/CXCL13/RIPK2/IL2RA/PTPRC/ST8SIA4/TLR6/LCP2/ETS1/TLR1/CD96/CCL5/GZMA/HCLS1/IL1B/WARS1/STAT1/CD86/WAS/HLA-DQA1/HLA-DMA/CD28/IL18/INHBA/ITGAL/ITGB2/CD4/PRKCB/IGSF6/LY86/IL16/CCR5/FGR/TAP2/TLR2/ITK/CCL4/HLA-DRA/HDAC9/CD3G/CD3E/SPI1/CD2/IL12RB1/HIF1A/TNF/CD8A/IL2RB/CCR1/MAP4K1/CCL13/CD1D/EIF3A/CXCL9/CD247/FCGR2B/MAP3K7/LYN/IRF8/ICAM1/ACHE/CSF1/CD74/CD3D/CCR2/STAT4/GPR65/NLRP3/GBP2/CCL22/CCL19/JAK2/TPD52/HLA-DMB/KLRD1/IRF4/CD7/IRF7/STAB1/DEGS1/UBE2D1/NCF4/TGFB2/PRF1/THY1/LTB"
"HALLMARK_INFLAMMATORY_RESPONSE",2.34445569670816e-15,2.9305696208852e-14,1.00731795687447,-0.497345654216643,-2.48439991277836,179,"LCK/RGS16/SELL/SERPINE1/PCDH7/MSR1/RNF144B/C5AR1/RIPK2/IL1R1/LCP2/CMKLR1/TLR1/CCL5/PIK3R5/IL1B/SELE/C3AR1/OSMR/CALCRL/OSM/OLR1/IL18/IL7R/INHBA/CSF3R/CCR7/CYBB/AQP9/RASGRP1/TLR2/P2RX7/BST2/TNFAIP6/LY6E/ITGA5/APLNR/IL10RA/HIF1A/NFKBIA/CHST2/ABCA1/CXCL8/IL2RB/MMP14/GPR132/PTAFR/IL18R1/CXCL9/AXL/LYN/ICAM1/TNFRSF9/CSF1/TPBG/GNA15/RGS1/SCARF1/PDPN/CD14/FPR1/SPHK1/NLRP3/CD69/CXCR6/CCL22/SGMS2/CLEC5A/GPR183/ADM/SLAMF1/KLF6/LPAR1/CXCL6/EIF2AK2/IRF7/MARCO/STAB1/CSF3/CD55/BEST1/BDKRB1/CX3CL1/CD48/EBI3/PSEN1/AHR/ATP2C1/PTGIR/SLC31A1/GCH1/PTPRE/DCBLD2/IL15"
"HALLMARK_COMPLEMENT",8.9439167683676e-11,8.9439167683676e-10,0.839088935621274,-0.448317770088063,-2.24462422384409,180,"MMP13/LCK/PLEK/GNB4/C1QA/APOC1/CFH/SERPINE1/DUSP5/DOCK10/DPP4/PIK3CG/LCP2/TIMP2/CR1/CCL5/GZMA/PIK3R5/CD36/WAS/OLR1/CR2/LIPA/SERPING1/CPM/RASGRP1/FYN/PLA2G7/COL4A2/CTSL/ZFPM2/C1QC/GPD2/APOBEC3G/FCER1G/LGMN/FCN1/S100A9/FN1/MMP14/GNG2/ZEB1/C1S/DOCK4/USP14/HSPA1A/LYN/C3/NOTCH4/CTSD/CTSO/SPOCK2/C1R/JAK2/VCPIP1/PIK3CA/GMFB/PIM1/SH2B3/USP16/IRF7/MAFF/CTSC/EHD1/ITGAM/ME1/CDH13/PLSCR1/USP15/CD55/CTSB/LAP3"
"HALLMARK_TNFA_SIGNALING_VIA_NFKB",1.05962451676701e-09,8.83020430639178e-09,0.788186810800237,-0.429655121672671,-2.16318983175342,193,"PLEK/TNFAIP2/BIRC3/SERPINE1/DUSP5/DNAJB4/BCL2A1/CCN1/RIPK2/SLC2A3/TNFAIP8/CCL5/IL23A/IL1B/IFIT2/GEM/NR4A3/OLR1/IL18/IL7R/G0S2/INHBA/TLR2/CCL4/KLF9/SOD2/TNFAIP6/BCL6/NFKBIA/YRDC/TNF/ABCA1/IER5/FOSL1/SOCS3/PER1/CLCF1/SERPINB8/TNC/GADD45B/FOSL2/PTGS2/ICAM1/TNFRSF9/CSF1/GFPT2/DUSP1/IL6ST/SPHK1/PANX1/SGK1/MCL1/CD69/PLAU/MARCKS/DENND5A/RCAN1/MAP3K8/GPR183/MSC/PDLIM5/KLF6/EGR2/CXCL6/MAFF/EHD1/CD83/KLF10"
"HALLMARK_UV_RESPONSE_DN",1.66298183967177e-09,1.18784417119412e-08,0.788186810800237,-0.472354416064007,-2.27925392658758,140,"PRKAR2B/ADGRL2/COL11A1/SERPINE1/GJA1/AMPH/CCN1/COL3A1/COL5A2/NR3C1/NRP1/PIK3CD/CAV1/PTPN21/COL1A1/COL1A2/NOTCH2/CDC42BPA/SYNE1/PTPRM/MAP1B/IRS1/FYN/PIK3R3/MT1E/DLC1/RND3/CAP2/TJP1/KCNMA1/SNAI2/PTGFR/PIAS3/ATP2B4/FBLN5/DUSP1/PDGFRB/MMP16/ZMIZ1/NEK7/CITED2/PRDM2/MAGI2/SDC2/VLDLR/LAMC1/SIPA1L1/PDLIM5/LPAR1"
"HALLMARK_KRAS_SIGNALING_UP",6.80236255952888e-08,4.25147659970555e-07,0.704975715167238,-0.390186178805192,-1.94910421026556,179,"TRIB2/RGS16/GPNMB/BIRC3/CFH/MAFB/PECAM1/LY96/CMKLR1/NRP1/ETS1/PDCD1LG2/ETV1/IL1B/PRRX1/ADGRL4/C3AR1/DOCK2/PRDM1/IKZF1/IL7R/G0S2/INHBA/ITGB2/SPP1/HSD11B1/HDAC9/FCER1G/FLT4/TLR8/IL10RA/YRDC/NIN/GNG11/EPB41L3/LAPTM5/ANGPTL4/MAP4K1/TOR1AIP2/ADAM8/MTMR10/PTGS2/LCP1/USP12/IRF8/CD37/GFPT2/ADAMDEC1/APOD/SPARCL1/PLAU/RABGAP1L/BPGM/TSPAN13/F13A1/EMP1/SATB1/CXCR4/IL1RL2"
"HALLMARK_IL2_STAT5_SIGNALING",7.0104743490768e-07,3.89470797170933e-06,0.659444398037935,-0.376760245517245,-1.89901354155692,185,"BCL2/LRRC8C/RGS16/SELL/TNFRSF18/IL2RA/CST7/SLC2A3/SHE/NRP1/GBP4/PRKCH/CD86/COCH/TLR7/TIAM1/SWAP70/GLIPR2/SPP1/RHOH/SELP/COL6A1/FGL2/IL10RA/AHNAK/IL2RB/ITGAV/GADD45B/CYFIP1/IL18R1/TWSG1/PHTF2/IRF8/CD79B/TNFRSF9/CSF1/GPR65/SYT11/BATF3/GUCY1B1/RABGAP1L/DENND5A/MAP3K8/EMP1/KLF6/MYO1E/POU2F1/SPRY4/IKZF2/PIM1/CKAP4/IRF4/IRF6/MAFF/IL1RL1/CD83/PLSCR1/ICOS/BATF/HOPX/LTB/APLP1/PLEC/CD48/AHR/NFKBIZ/TNFRSF8/HIPK2/PTGER2/IL1R2/MYO1C/ETFBKMT/DCPS/MUC1/SCN9A/IFNGR1/MAPKAPK2/TNFRSF21/CCR4/CXCL10/NT5E"
"HALLMARK_INTERFERON_ALPHA_RESPONSE",1.17666429261079e-06,5.88332146305396e-06,0.643551836150722,-0.456291235092339,-2.06047819626531,95,"SAMD9/SELL/IFIT3/RIPK2/SAMD9L/HERC6/USP18/GBP4/WARS1/RSAD2/IFIT2/PARP9/STAT2/TMEM140/MX1/IFI44L/DDX60/BST2/ADAR/LY6E/TENT5A/IFI44/CMPK2/C1S/PSME2/CSF1/CD74/GBP2/TRIM14/SP110/PARP14/EIF2AK2/IRF7/TXNIP/PLSCR1/LAP3/NUB1/CASP1/UBE2L6"
"HALLMARK_IL6_JAK_STAT3_SIGNALING",5.61156496212317e-06,2.55071134641962e-05,0.610526878385931,-0.468967278425516,-2.06381890092037,81,"CXCL13/IL2RA/IL1R1/PIK3R5/IL1B/CD36/STAT1/OSMR/PDGFC/A2M/STAT2/CSF3R/CSF2RB/TLR2/HMOX1/IL12RB1/IL17RA/TNF/ITGA4/SOCS3/CCR1/CD38/IL18R1/CXCL9/CSF1/IL6ST/STAM2/CD14"
"HALLMARK_APICAL_JUNCTION",7.76057575506316e-06,3.23357323127632e-05,0.593325476396405,-0.362238397520793,-1.80966764120142,178,"CNTN1/MAPK11/VCAM1/FYB1/CD274/PTPRC/PECAM1/MSN/MMP2/NEGR1/CD86/CAP1/VCAN/GAMT/VWF/MYH10/CD34/LAYN/NEXN/IRS1/SGCE/JAM3/PIK3R3/ARHGEF6/VCL/NECTIN4/FBN1/TJP1/CDH11/EVL/ALOX15B/CERCAM/ITGB1/NLGN2/PARD6G/SHC1/ICAM1/COL16A1/MYH9/SLIT2/PTK2/CALB2/AKT3/FSCN1/CLDN11/CD209/SKAP2/GNAI1/TRO/BAIAP2/THY1/SIRPA/ZYX/CX3CL1/ITGA9/PARVA/TSPAN4/EGFR/THBS3/CNN2/ACTC1/AMIGO2/MYL12B"
"HALLMARK_MYOGENESIS",1.15012933573208e-05,4.42357436820031e-05,0.593325476396405,-0.373051394792821,-1.82255810160369,155,"FGF2/MEF2C/ADAM12/TPM3/COL3A1/MEF2A/GJA5/COL6A3/CD36/FST/COL1A1/MEF2D/COL15A1/SPARC/MAPK12/MRAS/COL4A2/RB1/AEBP1/DTNA/APLNR/SSPN/SGCD/LSP1/EFS/WWTR1/ITGB1/GADD45B/ACHE/PTP4A3/APOD/SPHK1/CRYAB/MYH9/PTGIS/GPX3/RIT1/DENND2B/COL6A2/LAMA2/MYLK/AGL/PKIA/FLII/PPP1R3C/CDH13/TNNC1"
"HALLMARK_ANGIOGENESIS",7.57298587128336e-05,0.000270463781117263,0.538434096309916,-0.593297892854015,-2.10888771075286,32,"POSTN/COL3A1/COL5A2/SLCO2A1/NRP1/FGFR1/VCAN/OLR1/SPP1/MSX1/KCNJ8/LUM/THBD/ITGAV/FSTL1"
"HALLMARK_APOPTOSIS",0.000745631749305586,0.00248543916435195,0.477270815362862,-0.319809802358083,-1.56244408785472,155,"ANXA1/BIRC3/AVPR1A/PLCB2/TIMP2/CAV1/MMP2/IL1B/DPYD/LMNA/IL18/BCL2L11/PMAIP1/PLPPR4/SOD2/LUM/HMOX1/TIMP3/CD2/TNF/DCN/GADD45B/CD38/GNA15/PEA15/PDGFRB/PPT1/CD14/BGN/MCL1/CD69/PTK2/GPX3/CASP2/EMP1/SATB1/ROCK1/TXNIP/ETF1/BIK/TGFB2/CASP1/PRF1/FEZ1/RNASEL/PSEN1/GCH1/DNM1L/H1-0/SLC20A1/CYLD/DNAJA1/DAP3/CLU/FAS/HGF/TAP1"
"HALLMARK_MITOTIC_SPINDLE",0.00103554644805617,0.00323608265017552,0.45505986738723,-0.300579138879076,-1.51480525024244,195,"DOCK2/MYH10/NOTCH2/CCDC88A/TIAM1/CDC42BPA/BCL2L11/VCL/CDC42EP1/RALBP1/HOOK3/NIN/NEK2/PALLD/DOCK4/MYO9B/ARHGAP10/PKD2/ARHGAP29/DLGAP5/TUBGCP5/AKAP13/MYH9/ARL8A/RAB3GAP1/SYNPO/APC/MARCKS/INCENP/CLIP1/TTK/SMC3/WASF2/NDC80/KIF20B/ROCK1/ARF6/PDLIM5/MYO1E/CENPF/ITSN1/RANBP9/KIF11/ARHGEF12/CDK5RAP2/FSCN1/SMC4/FGD6/ARFGEF1/CKAP5/CTTN/KIFAP3/ARHGDIA/FGD4/CD2AP/RACGAP1/KIF3C/ANLN/KIF23/PCNT/RABGAP1/EZR/PREX1/ECT2/CNTROB/CDC27/NCK1/BCR/TSC1/PAFAH1B1/BUB1/KIF4A/CEP192/CDK1/GSN/SPTBN1/ARHGEF2/RASAL2/PLEKHG2/YWHAE/ABI1/FLNA/CNTRL/CENPE/DST/ALS2"
"HALLMARK_G2M_CHECKPOINT",0.00121342965941606,0.00356891076298841,0.45505986738723,-0.298275761384979,-1.50319709827833,195,"MT2A/RAD21/NOTCH2/SMC2/NUP50/HIF1A/NEK2/TFDP1/HSPA8/KMT5A/UBE2S/EFNA5/MEIS2/BUB3/MARCKS/INCENP/HMGA1/TTK/NDC80/KIF20B/PRIM2/ODF2/STAG1/MKI67/KNL1/CENPF/EGF/RAD23B/KIF11/HMGB3/CCNT1/HMMR/CDKN2C/SMC4/PURA/CUL5/MEIS1/RACGAP1/MNAT1/NOLC1/CKS1B/FOXN3/KIF23/DBF4/NCL/SLC38A1/CDC45/MCM3/G3BP1/CDC27/FANCC/PRMT5/SYNCRIP/ARID4A/TGFB1/PAFAH1B1/SNRPD1/BUB1/DR1/KIF4A/XPO1/CASP8AP2/CDK1/EXO1/RASAL2/MCM2/CENPE/CDC20/TMPO/HNRNPU/HIRA/CUL1/STIL/SS18/CCNB2/SLC7A1/HMGN2"
"HALLMARK_PROTEIN_SECRETION",0.00221178184839593,0.00614383846776647,0.431707695803346,-0.355105844042596,-1.59741423759638,94,"CAV2/VPS4B/SGMS1/ANP32E/SEC22B/SSPN/ABCA1/AP3B1/STX7/PPT1/ARCN1/AP3S1/ADAM10/RAB14/LMAN1/MAPK1/RER1/PAM/STX12/TPD52/TMX1/ATP6V1H/CTSC/GALC/ARFGEF1/TMED10/VPS45/RAB2A/ARFGAP3/SCAMP3/EGFR/DNM1L"
"HALLMARK_COAGULATION",0.00302422335905928,0.00795848252384022,0.431707695803346,-0.326451423548253,-1.51751830920791,112,"PLEK/ANXA1/C1QA/APOC1/CFH/SERPINE1/THBS1/DPP4/HTRA1/PECAM1/MMP2/VWF/A2M/P2RY1/OLR1/SPARC/SERPING1/FYN/LGMN/FBN1/TIMP3/FN1/MMP14/C1S/CTSK/THBD/GDA/C3/CTSO/PLAU"
"HALLMARK_PEROXISOME",0.00515406030482739,0.0128851507620685,0.407017918923954,0.364145809387058,1.5557013820279,95,"NR1I2/PEX11A/DHRS3/ALB/FABP6/ACSL5/CAT/ABCB9/HSD11B2/SERPINA6/ACOT8/CEL/MLYCD/PRDX5/ACOX1/PEX5/IDH2/IDI1/HMGCL/TTR/PEX13/CTBP1/ABCD1/ECI2/PEX14/SLC25A4/CRAT/CLN8/SULT2B1/LONP2/ECH1/SIAH1/HSD17B4"
"HALLMARK_XENOBIOTIC_METABOLISM",0.00555235976680509,0.0132199042066788,0.407017918923954,0.316468963856855,1.48542016842993,166,"CCL25/CYFIP2/RBP4/CYP4F2/NFS1/ACOX2/CFB/F10/SLC6A6/FABP1/ADH5/PGRMC1/HNF4A/SMOX/ACOX3/CASP6/CAT/ALDH2/CES1/CYP2S1/DDAH2/ETS2/FAH/SERPINA6/ARG2/ACOX1/DHPS/TDO2/GSS/PGD/ABHD6/SLC35D1/CSAD/PTGR1/NDRG2/JUP/VNN1/IGFBP4/GSTM4/LEAP2/AP4B1/SPINT2/AHCY/CBR1/ACP1/HES6/PMM1/ALDH3A1/ABCC3/AKR1C2/BLVRB/CYP27A1/PPARD/CDA/HACL1/ASL/DHRS1/GSR/MCCC2/SLC35B1"
"HALLMARK_CHOLESTEROL_HOMEOSTASIS",0.0234702517030688,0.0520201537502226,0.352487857583619,0.359644931505955,1.46507648989284,73,"GLDC/ADH4/CTNNB1/PPARG/SCD/MVK/HSD17B7/EBP/SEMA3B/NSDHL/PDK3/FDFT1/ALDOC/MVD/TM7SF2/HMGCS1/IDI1/ACSS2/TRIB3/HMGCR/ETHE1/DHCR7/ANXA13/ACAT2"
"HALLMARK_HYPOXIA",0.0239292707251024,0.0520201537502226,0.352487857583619,-0.259543819560933,-1.30819860597808,185,"BCL2/SERPINE1/EXT1/CCN1/SLC2A3/NR3C1/ETS1/COL5A1/CAV1/MT2A/CSRP2/CHST3/CAVIN1/SRPX/LOX/EDN2/CCN2/TMEM45A/MT1E/DTNA/HMOX1/CHST2/ANGPTL4/DCN/TGFB3/FOSL2/TPBG/DUSP1/GPC1/PGF/BGN/CITED2/MYH9/PAM/SDC2/VLDLR/KDELR3/GCNT2/ADM/CXCR4/KLF6/TPD52/PIM1/PLAC8/B4GALNT2/MAFF"
"HALLMARK_FATTY_ACID_METABOLISM",0.0308833264366848,0.0643402634097599,0.352487857583619,0.299184052695836,1.37694447514326,144,"FABP1/SLC22A5/ACSL5/HSD17B7/HADH/ACSS1/HSD17B10/ACOT8/PDHA1/CEL/CPOX/MLYCD/ACOX1/NSDHL/ENO3/TDO2/HCCS/NTHL1/LDHA/GPD1/HMGCS1/RAP1GDS1/IDH3G/PDHB/HSDL2/SUCLG1/IDI1/HMGCL/VNN1/SDHA/ADSL/IDH3B/TP53INP2/CBR1/D2HGDH/ADIPOR2/ECI2/ACAT2/PPARA/GCDH/ALDH3A1/ACADS/OSTC/ALDOA/CRAT/AQP7/H2AZ1"
"HALLMARK_WNT_BETA_CATENIN_SIGNALING",0.048473607142778,0.0969472142855559,0.321775918075361,0.40913337503051,1.48785640511927,40,"HDAC11/CTNNB1/AXIN2/TCF7/KAT2A/AXIN1/PTCH1/PSEN2/CCND2/FZD8"
"HALLMARK_OXIDATIVE_PHOSPHORYLATION",0.0626959247648903,0.120569086086327,0.224966093540314,0.264597791791318,1.26621239702536,196,"NDUFB4/PHYH/BDH2/HSD17B10/PDHA1/ATP5F1E/UQCRQ/ATP5ME/HCCS/LDHA/NDUFC1/IDH2/IDH3G/PDHB/SLC25A6/ATP1B1/SUCLG1/COX7B/GPI/ATP6AP1/UQCRC1/AIFM1/SDHA/SLC25A5/ATP5MC2/NDUFS6/IDH3B/SLC25A20/SLC25A12/COX6B1/NDUFC2/TIMM50/NDUFA2/COX11/SLC25A4/NDUFB6/NDUFA4/TIMM8B/COX4I1/NDUFA6/ATP5MC3/GOT2/COX6A1/RHOT2/MRPS12/ATP5F1C/NDUFA1/UQCR11/NDUFB7/NDUFA3/NDUFS7/COX5B/NDUFS8/MRPS11/ATP5PB/ECH1/COX7A2/ATP5MF/UQCR10/NDUFAB1/ATP5MC1/VDAC1/NDUFA8/ATP6V0B/COX5A/COX7C/PHB2/ATP5F1D/ATP5MG/COX8A/NDUFB8/ATP6V1F/LDHB/IMMT/ATP6V0E1/TCIRG1"
"HALLMARK_BILE_ACID_METABOLISM",0.0751252086811352,0.139120756816917,0.211400189384923,0.308852560212357,1.30941436139315,88,"NR1I2/CYP39A1/PEX11A/AGXT/AMACR/ACSL5/PHYH/CAT/TFCP2L1/SERPINA6/PIPOX/MLYCD/PECR/PRDX5/SLC23A1/IDH2/IDI1/TTR/PEX7/RBP1/PEX13/ABCD1/PEX12/NR0B2/CYP27A1/HACL1/SULT2B1/PEX16/LONP2/PEX11G/HSD17B4/NUDT12/ABCA2/HSD17B11/PXMP2/ALDH1A1/ABCA5/CH25H"
"HALLMARK_GLYCOLYSIS",0.0968253968253968,0.172902494331066,0.179782316298324,0.255474901758828,1.20898037259964,185,"ALDOB/VEGFA/PHKA2/GLCE/GPC4/TGFBI/CASP6/B3GNT3/NOL3/EGLN3/GLRX/PYGB/PMM2/NANP/SOX9/ABCB6/SPAG4/PPFIA4/NSDHL/RBCK1/LHPP/PDK3/GAL3ST1/GALE/GMPPB/SDC1/LDHA/GALK1/FAM162A/HS2ST1/B4GALT4/P4HA2/SAP30/IER3/B4GALT7/ADORA2B/PGK1/TFF3/POLR3K/ALG1/ANKZF1/GFPT1/GOT2/ALDOA/EXT2/SLC25A10/SLC37A4/GMPPA/DDIT4/GPC3/SLC16A3/CD44/XYLT2/PSMC4/PRPS1/GNPDA1/IDUA/PGLS/ENO2/MXI1/PC"
"HALLMARK_TGF_BETA_SIGNALING",0.134146341463415,0.231286795626577,0.190023305279108,-0.315452740339809,-1.26025052101658,53,"SERPINE1/THBS1/RAB31/FNTA/LTBP2/TJP1/WWTR1/SKI/MAP3K7/APC/KLF10/ENG/SLC20A1/SMURF2/HIPK2/PPM1A/TGFB1/PPP1R15A/RHOA/SPTBN1"
"HALLMARK_KRAS_SIGNALING_DN",0.178217821782178,0.297029702970297,0.131457611642763,0.263808138069138,1.1638126552345,113,"SERPINA10/TG/CYP39A1/FGGY/KRT15/CDH16/KLK8/THNSL2/HSD11B2/SMPX/TFCP2L1/PDK2/PRKN/MSH5/CCDC106/TFF2/GPRC5C/HTR1D/TNNI3/COQ8A/EDAR/LFNG/GP2/RGS11/ADRA2C/BTG2"
"HALLMARK_ANDROGEN_RESPONSE",0.207692307692308,0.334987593052109,0.154190966581424,-0.253463814653251,-1.13913041139254,96,"UAP1/TNFAIP8/PTPN21/HPGD/MAF/ADAMTS1/SLC38A2/LIFR/BMPR1B/ITGAV/ARID5B/ZMIZ1/STEAP4/SGK1/LMAN1/MYL12A/UBE2J1/ELL2/PDLIM5/TPD52/TMEM50A/GUCY1A1"
"HALLMARK_APICAL_SURFACE",0.269230769230769,0.420673076923077,0.128788713061714,-0.310307914214193,-1.12770356573543,37,"GAS1/SRPX/MDGA1/IL2RB/AFAP1L2/LYN/ADAM10/EFNA5"
"HALLMARK_HEME_METABOLISM",0.297082228116711,0.450124588055622,0.128788713061714,-0.212094645202104,-1.05926861407814,174,"SPTB/NR3C1/TRIM58/RIOK3/CLIC2/TMCC2/SDCBP/ANK1/FECH/ADIPOR1/ENDOD1/GAPVD1/TRAK2/RNF19A/HDGF/ACKR1/NEK7/C3/SYNJ1/CTNS/BSG/BPGM/ELL2/LMO2/ABCG2/MOSPD1/ACP5/TCEA1/ARHGEF12/PICALM/GLRX5/NCOA4/USP15/CTSB/GCLC/GYPC/FOXJ2/TMEM9B/TNS1/ALDH6A1/CAST/FBXO9/MOCOS/FBXO7/BACH1/TNRC6B/ALDH1L1/MBOAT2/H1-0"
"HALLMARK_E2F_TARGETS",0.334254143646409,0.464241866175568,0.123257226381337,-0.207333671558998,-1.04577867913039,199,"MCM4/RAD21/CTPS1/ANP32E/NBN/NUP205/DEPDC1/DIAPH3/CDCA8/ATAD2/UBE2S/DLGAP5/DSCC1/DNMT1/MMS22L/BUB1B/HMGA1/EIF2S1/SMC3/PRIM2/UBR7/CIT/PRKDC/STAG1/MKI67/RFC3/HMGB3/HMMR/CDKN2C/MTHFD2/TIPIN/SMC4/RPA1/RACGAP1/NOLC1/CKS1B/PSMC3IP/MELK/MCM3/NUP107/NUP153/RAD51AP1/DEK/SYNCRIP/SSRP1/USP1/KIF4A/XPO1/CDK1/SPAG5/MCM2/CENPE/CDC20/TMPO"
"HALLMARK_HEDGEHOG_SIGNALING",0.329439252336449,0.464241866175568,0.112843355675562,-0.298475198753717,-1.06690628167446,33,"NRP2/NRP1/HEY2/UNC5C/L1CAM/ACHE/MYH9/DPYSL2/VLDLR/RTN1"
"HALLMARK_UV_RESPONSE_UP",0.325068870523416,0.464241866175568,0.125033367555272,-0.217816728248286,-1.05757039177348,146,"SLC6A12/ATP6V1C1/BCL2L11/PDLIM3/RASGRP1/GAL/PLCL1/SOD2/MSX1/RAB27A/HMOX1/RET/NFKBIA/MMP14/DDX21/LYN/ICAM1/RRAD/IL6ST/PPT1/GLS/BSG/AGO2/GPX3/EPHX1"
"HALLMARK_ESTROGEN_RESPONSE_LATE",0.355799373040752,0.480809963568584,0.0843144320642653,0.220288946153895,1.04653597138518,188,"PLXNB1/IL17RB/ACOX2/SLC2A8/CISH/SCARB1/AREG/SLC22A5/CDH1/CHPT1/SLC26A2/PRSS23/CXCL14/TFF1/SERPINA1/ST14/NXT1/SEMA3B/PRLR/WFS1/IGSF1/FDFT1/LLGL2/GALE/MAPK13/ARL3/CYP4F11/MEST/IDH2/SERPINA5/DHRS2/IGFBP4/AMFR/CACNA2D2/EMP2/TMPRSS3/TFF3/MOCS2/MYB/KRT19/DHCR7/CELSR2/FARP1/PDZK1"
"HALLMARK_ESTROGEN_RESPONSE_EARLY",0.478142076502732,0.629134311187806,0.0992333343771191,-0.195045222347436,-0.984521763218973,190,"TFAP2C/BCL2/GJA1/PODXL/MYOF/RHOBTB3/TIAM1/PTGES/SH3BP5/RAB31/PDLIM3/RASGRP1/PMAIP1/DLC1/ISG20L2/SLC39A6/MICB/RET/FCMR/ENDOD1/CXCL12/CBFA2T3/TPBG/IL6ST/SNX24/AR/RBBP8/UGCG"
"HALLMARK_DNA_REPAIR",0.589424572317263,0.726664221529433,0.0584693210386381,0.20166765578927,0.935094909748041,147,"POLR2I/POLR1H/TK2/ADRM1/RAE1/SRSF6/POLR2H/CETN2/NCBP2/EIF1B/NME4/NME3/TAF9/PCNA/BCAP31/NELFCD/MPC2/BRF2/DGUOK/NUDT9/MPG/TAF10/IMPDH2/POLL/SAC3D1/NT5C/POLR2G/TARBP2/POLR2C/USP11/GTF3C5/CDA/STX3/NME1/POLD4/XPC/POLA1/GTF2H5/RBX1/TSG101/RPA3/VPS37D/AAAS/LIG1/TP53/ADCY6/POLD1/POLR2J/ERCC2/SNAPC5/DDB2/AK3/ITPA/RFC5/APRT"
"HALLMARK_PANCREAS_BETA_CELLS",0.595864661654135,0.726664221529433,0.0670512579829467,0.292109456369765,0.906465358980387,22,"PKLR/SYT13/SPCS1/FOXA2"
"HALLMARK_REACTIVE_OXYGEN_SPECIES_PATHWAY",0.570446735395189,0.726664221529433,0.0647943366000727,0.247828240044057,0.932549112124676,47,"NDUFB4/CAT/GLRX/MSRA/PRDX4/LAMTOR5/EGLN2/ABCC1"
"HALLMARK_PI3K_AKT_MTOR_SIGNALING",0.629722921914358,0.74967014513614,0.0791316651768349,-0.203699634919518,-0.922159284463731,98,"LCK/SLA/CAMK4/STAT2/TIAM1/SMAD2/PRKCB/PIK3R3/ITPR2/MAPKAP1/DAPP1/MAP3K7/GNA14/MAPK1/RIT1/CAB39/CXCR4"
"HALLMARK_P53_PATHWAY",0.80625,0.91991341991342,0.0442407423477375,0.183130802088773,0.872248481318885,191,"CYFIP2/KLK8/ABAT/H2AJ/SESN1/IP6K2/BLCAP/PRKAB1/PROCR/ACVR1B/ST14/SOCS1/MAPKAPK3/TRAF4/CCND2/SDC1/RAB40C/ANKRA2/VWA5A/HINT1/SLC35D1/PCNA/RACK1/FAM162A/FOXO3/COQ8A/TRIB3/NDRG1/IER3/TNFSF9/RPL36/KIF13B/IL1A/BTG2/RRP8/AEN/OSGIN1/GPX2/PMM1/CDKN1A/SERTAD3/RAD9A/SAT1/TSC22D1/FGF13"
"HALLMARK_SPERMATOGENESIS",0.80952380952381,0.91991341991342,0.066132620475844,-0.193232822332108,-0.840799856303043,79,"CAMK4/SHE/JAM3/TLE4/MLF1/GFI1/NEK2/STAM2/ALOX15/IL12RB2/MLLT10/TTK/PIAS2/SEPTIN4"
"HALLMARK_MTORC1_SIGNALING",0.865384615384615,0.941695051091965,0.0673623868166279,-0.170791225412725,-0.861423499937404,196,"BCAT1/POLR3G/SLA/SLC2A3/MCM4/WARS1/TXNRD1/MLLT11/ITGB2/NIBAN1/ATP6V1D/PIK3R3/FGL2/LGMN/UCHL5/EPRS1/NUP205/DAPP1/CACYBP/RIT1/VLDLR/DHFR/CXCR4/COPS5/TCEA1/MTHFD2/CTSC/ETF1/SKAP2/ME1/STIP1/RPA1/GCLC/ACTR2"
"HALLMARK_NOTCH_SIGNALING",0.866359447004608,0.941695051091965,0.0588438169595807,-0.213841258185084,-0.760102482867604,32,"FZD1/NOTCH2/ST3GAL6/DLL1/NOTCH3/HEYL"
"HALLMARK_ADIPOGENESIS",0.948087431693989,1,0.0626618230932491,-0.16184380382098,-0.816932325674018,190,"FABP4/APOE/CD36/RAB34/BCL2L13/RIOK3/CAVIN1/COL15A1/COL4A1/ENPP2/SDHC/GPD2/BCL6/SSPN/ABCA1/ACADM/ANGPTL4/LIFR/LAMA4/C3/SPARCL1/PHLDB1/GPX3/CHUK/ITSN1/UBQLN1/MYLK/STOM/CDKN2C/FZD4/RNF11/CAVIN2/ME1/PTGER3"
"HALLMARK_MYC_TARGETS_V1",1,1,0.0342688261591917,0.125453015706599,0.600354690699152,198,"PSMA7/EIF2S2/RPL34/PRDX4/NCBP2/LDHA/EXOSC7/RPL14/PCNA/RACK1/FBL/PSMB3/RNPS1/MRPL23/SNRPB2/GNL3/RRP9/HSPE1/PGK1/RPS6/LSM2/RSL1D1/LSM7/ACP1/IMPDH2/PCBP1/RPS5/PSMB2/PSMD3/YWHAQ/DHX15/SNRPD2/GOT2/RPS2/H2AZ1/NME1/PSMC4/AIMP2/SRSF7/RPL18/NDUFAB1/VDAC1/TRIM28/COX5A/POLD2/PHB2/PRPS2/PSMA6/PSMD8/CCT4/EIF3B/SNRPG/RPLP0/PRPF31/MAD2L1/HNRNPD/SNRPA/TUFM/NOP16/CCT5/EIF1AX/HNRNPA1/ORC2/PSMA1/PRDX3/ODC1/EEF1B2/SF3B3/PPIA/CCNA2/RAN/RPS3/SRPK1/EIF4A1"
"HALLMARK_MYC_TARGETS_V2",1,1,0.0382416816260774,0.129864502180622,0.50269185400243,55,"TBRG4/LAS1L/GNL3/RRP9/HSPE1/DCTPP1/EXOSC5/RABEPK/SLC29A2/AIMP2/PUS1/NOC4L/SLC19A1/UNG/NOP16"
"HALLMARK_UNFOLDED_PROTEIN_RESPONSE",1,1,0.0366850427613443,0.12002105252642,0.527459584072735,111,"VEGFA/ARFGAP1/TATDN2/SPCS1/WFS1/CEBPB/ALDH18A1/DKC1/PDIA6/LSM1/DCP1A/PREB/RRP9/KIF5B/EXOSC5/PARN/EIF4EBP1/EDC4/DDIT4/RPS14/IMP3"
